NO,ctg,syl,Barisal,ben,eng
1,ক্যান,খেমন,ক্যামন ,কেমন,How
2,হইয়্যেন,কোনখান,কোন্ডা,কোনটা?,Which one
3,হইক্কে,কোনবায় ,কোনদিগে ,কোনদিকে,Somewhere
4,আঁই,মুই,মুই,আমি,I
5,ভালা,ভালা ,ভালো,ভাল ,Fine
6,আছি,আছি,আছি,আছি,I am
7,নাই,নাই,নাই,নাই,No
8,তুঁই ,তুমি ,তুই,তুমি,You
9,আছন,আছ,আছো ,আছ,You are
10,কেন,কিলান,ক্যামন ,কেমন,How
11,ন ,না,না,না,No
12,লাগের,লাগছে,লাগছে,লাগছে,Feeling
13,কিরকেট,ক্রিকেট ,ক্রিকেট,ক্রিকেট ,Cricket
14,খেইল্যম,খেলাইতাম,খেলমু,খেলব,Will play
15,আর,আর,আর,আর,And
16,খাইত,খাইতে ,খাইতে,খেতে,To eat
17,মন‌অ ,ইচ্ছা,ইচ্ছা,ইচ্ছে ,Desire
18,করের্,খরছে,হরছে,করছে,Doing
19,ফ্যাট,ফেট,প্যাট,পেট,Stomach
20,ভরি,বরা,ভরা,ভরা,Full of
21,তোঁয়ার,তোমার,তোর,তোমার,Your
22,নাম,নাম,নাম,নাম,Name
23,কী,কিতা,কি,কী,What
24,আঁর,আমার,মোর,আমার,My
25,নয়ন,নয়ন ,চোখ,নয়ন,Noyon
26,য‌অর,যাইতাম ,যাইতাছো ,যাচ্ছ,Going
27,কডেত্তুন,কোনানো ,কোম্মে ,কোথা,Where
28,আইশ্যো,আইছো ,আইছো,আসছ,Are coming
29,তোঁয়ারে,তোমারে, তোমারে,তোমাকে ,You
30,ভালা লাগে,ভালা পাই,ভালবাসি,ভালবাসি,Love
31,মাস্টর,মাস্টর,মাস্টের ,মাস্টার,Master
32,বেঙ্গুরা,বেঙ্গুরা,বেঙ্গুরা,বেঙ্গুরা,Bengura
33,বোয়ালখালি,বোয়ালখালি,বোয়ালখালি,বোয়ালখালি,Boyalkhali
34,সুলতান,সুলতান,সুলতাইন্যা ,সুলতান,Sultan
35,থাহ,থাখক,থাউক,থাক,Stay
36,শান্তি,ভালা,ভালো,ভালো,Fine
37,নাই,নাই,নাই,নেই,No
38,বাংলাদেশ,বাংলাদেশ,বাংলাদেশ,বাংলাদেশ,Bangladesh
39,খঁইলজার টুঁরওঁ,হৃদয়,হৃদয়,হৃদয়,Heart
40,থাকি,থাকি,থাহি ,থাকি,Stay
41,বউত,অনেক,ভেমালা,অনেক,A lot
42,মঅব্বত,ফছনদ,পছন্দ,পছন্দ,Like
43,হারাপ,খারাপ,খারাপ,খারাপ,Bad
44,মাদারি,পুয়া,পোলা,ছেলে,Boy
45,ক্ষেতি আন ,খামার,ঘের,খামার,The farm
46,ফটু আন,ছবি,ছবি ,ছবি,Picture
47,ফাতা আন ,পাতা ,পাতা,পাতা ,Leaf
48,তার গান,তার,হ্যার,তার,His
49,দুওর গান,দুয়ার,দুয়ার ,দরজা,Door
50,ফাআর,পাহাড়,পাহাড়,পাহাড়,Hill
51,দেবাল্লান ,প্রাচীর,ব্যারা,প্রাচীর,The wall
52,কিতাপ্পো,বই ,বই,বই,Book
53,মানুষষো,মানুষ,মানু,মানুষ,Man
54,মিয়া,দুলাভাই,বোনাই,দুলাভাই,Brother in law
55,লাইজ্ঞুন,লাগলেন,লাগজেন ,লাগলেন,Got (became)
56,ফাডি,ফাটি,ফাইট্টা,ফেটে,Burst
57,গলে,উনাই,গোইল্লা ,গলে,Melt
58,আটকে,আটখাইয়া,আটকাইয়া,আটকে,Stuck
59,রাশাই,রাজশাহী,রাজশাহী,রাজশাহী,Rajshahi
60,মানি,মানিয়া,মাইন্না ,মেনে,Accepted
61,মানা,মানা, মানা ,মানা,Denied
62,চারিমিক্কে,চাইরদিকে,চাইরোদিগে,চারিদিকে,Around
63,বেদরহারে,বেদরকারে ,হুদাই,অদরকারে,Unnecessarily
64,মিক্কে,দিকে,দিগে ,দিকে,Direction
65,লগে,লগে ,লগে,সাথে,With
66,অর্জন,ফাওয়া,অর্জন,অর্জন,Achievement
67,বাঁধি,বান্দিয়া ,বাইন্ধা,বেধে,Tied
68,বাটপারি,বাটপারি,বাটপারি,বাটপারি,Fraud
69,হাট্টা,টেংগা,চুক্কা,টক,Sour
70,মন,মন,মোন ,মন,Mind
71,বেয়াদবি,বেয়াদবি,বেয়াদবি,বেয়াদবি,Rudeness
72,ছাড়ি,ছাড়িয়া ,ছাইররা ,ছেড়ে,Left
73,ইস্তের,ইফতার,রোজা খোলা,ইফতার,Iftar
74,ইস্তেরি,ইফতারি ,ইফতারি,ইফতারি,Iftari
75,গরিবের,করার,হরার ,করার,To do
76,হান,কান,কান ,কান,Ear
77,হাড়া,উচা,উচা ,উঁচু,High
78,যেত্তে,যখন,যহন ,যখন,When
79,আচা,হাছা,হাচা ,সত্য,Truth
80,জবাই,জবো,জবই,জবাই,Slaughter
81,ফেলাইয়্যুম,ফেলমু,হালামু,ফেলবো,Will fall
82,হাইলে,খাইলে,খ্যালে ,খেলে,Played
83,বাড়িত,বাড়িত,বাড়িতে,বাড়িতে,At home
84,হুনিলে,হুনলে ,হোনলে ,শুনলে,If heard
85,যেন,যেন,য্যানো ,যেন,As if
86,হ,বল,বল,বল,Say
87,ঘামাইবার,ঘামানির,ঘামানোর,ঘামানোর,Sweating
88,এগিন,ইতা,এইগুলা,এসব,These
89,ভরা,ফুরা,ভরা,ভরা,Full
90,আইস্যু,আইয়ো,আইতে পারো,এসো,Come
91,মেঘ,বৃষ্টি,ম্যাগ,মেঘ,Cloud
92,খোপাত,বেনিত,বেনী,খোপায়,In the hole
93,ফরিবু,পড়বায়,পড়ছে,পড়বে,Will fall
94,কদম,কদম,কদম,কদম,Kadam
95,রান্দো,উন্দাল,ওষ্যাঘর,রান্নাঘর,Kitchen
96,রান্দা,রান্দা,রান্ধা ,রান্না,Cooking
97,গর,কর,করিস,কর,Do
98,দ,দিলাও,দে,দাও,Give
99,ঠিক,হাছা,হাচা ,ঠিক,Right
100,ব্যাংকওত,ব্যাংকে,ব্যাংকে,ব্যাংকে,At the bank
101,ফিছে,পিছে,পিছে ,পিছনে,Behind
102,বুঝস,বুইছো,বোজ্জ,বুঝিস,Understand
103,ফন্দে,পিছ,পিছ,পিছন,Back
104,ছাড়া,ছাড়া,খুইল্লা ,ছাড়া,Without
105,মথামথ,মত,সিদ্ধান্ত ,মতামত,Opinion
106,হুদার,খোদার,খোদার,খোদার,God's
107,সিদা,সোজা,সোজা ,সোজা,Straight
108,ঢুকের,হামায়,ঢোহে,ঢোকে,Goes in
109,হুনাইল,হুনাইলে,হুনাইলে,শুনালে,If heard
110,হারি,কাড়িয়া,কাইড়া,কেড়ে,Took
111,হচম,কিরা,কছোম,কসম,Swear
112,অইলদে,হইছে ,হইতেআছে,হচ্ছে,Becoming
113,এব্বেরে,একবারে,একফিরে,একবারে,At once
114,লুইচ্চা,খবিশ,লুচ্ছা,লুচ্চা,Naughty
115,দওন,দেওয়া ,দেওয়া .,দেয়া,Given
116,খিয়াল,খিয়াল ,খিয়াল ,খেয়াল,Attention
117,পাকায়,ফাখাইয়া,পাহাইআ,পাকিয়ে,Ripened
118,রইয়্যে,রইছে ,রইছে,রয়েছে,Remains
119,বরই,বরই,একছের,বরই,Baor
120,ফুইটফুইট্টা,ফুটফুটে ,ফুডফুডে,ফুটফুটে,Lively
121,ফ্রিন্টর,ছাফার,ছাপার,প্রিন্টের,Printed
122,খামিস,কামিজ,কামিজ,কামিজ,Kameez
123,মুলিছাফ,মুল্লা,মাউলানা,মাউলানা,Maulana
124,উৎসব,ফারবন,উৎসব,উৎসব,Festival
125,উপকার,বালা খরা,উপকার,উপকার,Benefit
126,উপায়,উফকার,উপায়,উপায়,Way
127,বাঁচাইবে,বাছাইবো,বাচাইবে,বাঁচাবে,Will save
128,ঘাডাঘাডি,তুকাথুকি,ঘাডাঘাডি,ঘাটাঘাটি,Searching
129,বানাইয়্যুস,বানাইছোস,বানাইছো,বানিয়েছিস,Made
130,যারা,যারা,য্যারা,যারা,Who
131,ডাক,ডাখ,বোলা,ডাক,Call
132,দেয়ালর,ওয়াল'র,দেওয়ালের,দেয়ালের,Wall’s
133,মালিকরে,মালিকরে,মালিকরে,মালিককে,Owner
134,বাঁচিত,বাঁচাইতে ,বাচাইতে,বাঁচতে,To live
135,ডাহাডাহি,ডাখাডাখি,বোলাবুলি,ডাকাডাকি,Calling
136,দে,দেইন,দ্যায়,দেয়,Gives
137,শেষর,ছেষের,শ্যাষের,শেষের,Last
138,বাইন্দুম,বানদিমু,বানমু,বাধবো,Will bind
139,ফাঠাতে,পাটানি,পাডাইতে.,পাঠাতে,To send
140,তিরাইষ্যাত,পিয়াসয়,তিষায়,তৃষ্ণায়,Thirsty
141,তিরাইষ্যা,পিয়াস,তিষা,তৃষ্ণা,Thirst
142,বানাইলে,তৈয়ার খরলে,বানাইলে,বানালে,Made
143,হাডি,খাটিয়া,কাইট্টা,কেটে,Cut
144,পলের,ফাগলের,বলদর,পাগলের,Mad
145,লাজে,সরমে,সরমে,লজ্জায়,In shame
146,বেহাইয়্যার,বেহায়া,বেহায়া,বেহায়ার,Shameless
147,হুশবত,সুগন্ধে,ঘ্রান,সুগন্ধে,In fragrance
148,বাঁচায়,বাছায়,বাছায়,বাঁচায়,Saves
149,বাইট্টে,বাটা,বাডা,বাটা,Bata
150,পইত্তে,পতা,ব্যাইন্নাহালে,ভোরে,In the morning
151,শেষে,ছেষে,শ‌্যাষে,শেষে,Last
152,ফিঁয়ারা,ফিকরা,পিড়হা,পিঁপড়া,Ant
153,ডাহি,ডাকিয়া ,বোলাইয়া,ডেকে,Called
154,মো,মামা ,মামু,মামা ,Uncle
155,ব,বাবা,বাফে,বাবা,Father
156,বদ্দা ,বর বাই,বড় ভাই,বড় ভাই,Older brother
157,ব্যু,বইন,বুইন,বোন,Sister
158,আছন,আছইন,রইছে,আছেন,Are
159,যর,যাওগি,যাও,যাও,Go
160,বাড়ি,বাড়ি,বাত্তে,বাড়ি,Home
161,আছ,আছইননি,আছো,আছো,Are
162,হন্ডে,কোনানো,কোম্মে,কোথায়,Where
163,তোঁয়ারো,আফনার,আম্মেগো,আপনাদের,Yours
164,লাই,তোমার,তোর,তোমার,Your
165,ফেড,বুজতে ফারা,অনুভব,অনুভব,Feeling
166,ফুরের,কররাম,হরছি,করছি,I feel
167,ফর,পড়ো,পড়,পড়,Read
168,ফঅর,ফর্,আলো,আলো,Light
169,হানা,আনদাইর,আনধার,অন্ধ,Blind
170,হাঁনা,খানি ,খাওন,খাবার,Food
171,ব্যভার,ছাল-ছলন,ব্যবহার,ব্যবহার,Use
172,হাসিয়ুত,অইব্বাস,অভ্যাস,অভ্যাস,Habit
173,নঅ,নি,নি,নি,No
174,স্কুলত,স্কুলো,স্কুলে,স্কুলে,At school
175,যাই,যাইরাম,যাই,যাই,Go
176,যাইয়্যুম,যাইমু,যামু,যাবো,Will go
177,গেলদে,গত খাইল,গতকাইল,গতকাল,Yesterday
178,অলইদ,ওল্দি,হইলদা ,হলুদ,Yellow
179,ভাত,ভাত,ভাত,ভাত,Rice
180,হাআই,খাইলাইছি,খাইছি ,খাইছি,Ate
181,ইতি,সে,ও,সে,He
182,টিভি,টিভি,টিভি ,টিভি,Watching TV
183,সাআর,দেখের,দ্যাহে ,দেখছে,He
184,ইতে,সে,ও,সে,Riding a bicycle
185,সাইকেলত,সাইকেলো,সাইকেল ,সাইকেলে,Playing
186,সরের,চড়ের,বইছে ,চড়ছে,Game
187,হাঁর,খেলছে ,খ্যালতাছে ,খেলছে,They
188,খেলা,খেলা,খেলা ,খেলা,Lemon
189,ইতারা,যুগ,হ্যারা,তারা,Goat
190,হঁজি,লেম্বু,লেম্বু ,লেবু,Chicken
191,চঅল,বখরি,ছাগল ,ছাগল,Rooster
192,কুঁরি কুরা,মুরগি,মুরা ,মুরগি,Behavior
193,রাতা কুরা,মুরোগ ,মোরগ,মোরগ,Me
194,হাসলত,হাবভাব ,ভাবসাব ,চালচলন,Money
195,আঁট্টা,মই,চঙ্গা,মই,Bridge
196,টিঁয়া,বা,টেহা ,টাকা,Money
197,অঁ,সাঁকো,চার ,সাঁকো,Bridge
198,বেইন্না,বিয়ান,বেইন্না হাল ,সকাল,Morning
199,আজুইন্না,হাইঞ্জাবালা,সন্ধ্যা,সন্ধ্যা,Evening
200,গম,ভালা,ভাল ,ভাল,Good
201,চঁরি,ছাখরি,চাকরি ,চাকরি,Job
202,টাডাল,ঠাডা,ঠাডা ,বজ্রপাত,Thunder
203,তিয়্যন,উবাও ,ওডেন,দাড়াঁন,Stand
204,দইন,দক্ষিণ,দহিন,দক্ষিণ,South
205,হইজ্জে,মাইর ,পিডাপিডি,ঝগড়া,Argument
206,গরুর গোতাইল,গরুঘর ,গরুর হাতাল ,গোয়ালঘর,Cow shed
207,কুরার আরাইল,মুরগিরঘর,মুরগির খোয়ার,মুরগিরঘর,Chicken coop
208,বওসহানা,উন্দাল,ওষ্যা গর,পাকঘর,Kitchen
209,টাট্টি,লেফন্টি,ল্যাটিন ,পায়খানা,Toilet
210,ফঅল,ফাগল,বলদ ,পাগল,Mad
211,আতি,আত্তি,হাতি ,হাতি,Elephant
212,মসইদ,মছিদ,মরজিদ ,মসজিদ,Mosque
213,টিঁয়ারা,আবর,ব্যাড়া ,বেড়া,Fence
214,বেরেলা,ধেড়েশ,ঢ্যাড়স ,ঢেঁড়স,Okra
215,আস্সান,আকাশ,আকাশ ,আসমান,Sky
216,মেওলা,বৃষ্টি,ম্যাঘ ,মেঘ,Cloud
217,আঁসুর,হাতার ,হাতর,সাঁতার,Swimming
218,চান্নি,ভর্তা,বানানি,ভর্তা,Mashed
219,তরুনজা,মাতু,ছোলোম,জাম্বুরা,Grapefruit
220,আইদ্দে হালিয়া,খাইলকু,কাইলগো,আগামি কাল,Tomorrow
221,তুই,তুই,তুই,তুই,You (informal)
222,অনে,আফনে,আম্মে,আপনি,You (formal)
223,আসল,হাছারকুর,আসল,আসল,Real
224,বেরাইজ্জে,বেখায়দা,অভদ্র,অভদ্র,Rude
225,হলম,কলম,কলম,কলম,Pen
226,গিঁও,গম,গোম,গম,Wheat
227,চইল,চাউল ,চাউল ,চাল,Rice
228,ফোয়াসা,পুয়াফুড়িন ,মাইয়াপোলা,ছেলেমেয়ে,Boys and girls
229,হানাফিনা,খানি দানি ,খাওনদাওন ,খাওয়াদাওয়া,Food
230,জোনাফ্‌‍ফর,জুস্না,জোছ্না,জ্যোৎস্না,Moonlight
231,বিশিদবার,বিষুদবার ,বিসসৈতবার,বৃহস্পতিবার,Thursday
232,শুক্কুর বার,শুক্কুরবার,শুক্কুরবার,শুক্রবার,Friday
233,বদ্দা,ভাই,ভাই,ভাই,Brother
234,গম নয়,ফেরত,খারাপ,খারাপ,Bad
235,দুক,বেদনা,ব্যাতা,ব্যাথা,Pain
236,হাট্টল,কাঠল,কাডাল,কাঠাল,Jackfruit
237,হঁলা,খমলা,কোমলা,কমলা,Orange
238,আজিয়া,আজকো ,আইজগো,আজকে,Today
239,হালিয়া,কালকো,কাইলগো,কালকে,Tomorrow
240,আরেক্কানা,আরো থুরা,আরেটটু,আরেকটু,A little more
241,বইশাক,বৈশাখ,বৈশাগ,বৈশাখ,Boishakh (Bengali month)
242,জেঢ,জেট,জৈষ্ট,জৈষ্ঠ ,Joishtho (Bengali month)
243,আশার,আড়,আষাঢ়,আষাঢ়,Asharh (Bengali month)
244,শঅন,শ্রাবণ,শ্রাবণ,শ্রাবন,Shravan (Bengali month)
245,ভাদঅ,ভাদো,ভাদ্র,ভাদ্র,Bhadro (Bengali month)
246,আশিন,আশ্বিন,আশ্বিন ,আশ্বিন,Ashwin (Bengali month)
247,অঁন,অগ্রহায়ণ,অগ্রাহায়ন ,অগ্রহায়ণ,Agrahayan (Bengali month)
248,ফোশ,ফুষ,পৌষ,পৌষ,Poush (Bengali month)
249,মাগ,মাঘ,মাঘ,মাঘ,Magh (Bengali month)
250,ফঅওন,ফাল্গুন,ফাল্গুন ,ফাল্গুন,Falgun (Bengali month)
251,চইত,ছৈত,চৈত্তির,চৈত্র,Chaitra (Bengali month)
252,দিন,দিন,দিন,দিন,Day
253,লাস্তা ,রাস্তা,পোথ,রাস্তা,Road
254,গাডা ,ঘাট ,ঘাড,ঘাট ,Ghat (riverbank)
255,ফানখা ,ফ্যান ,ফ্যান,ফ্যান ,Fan
256,নাইরকুল ,নাইকল,নাহৈল,নারিকেল,Coconut
257,হথা,মাত,কতা,কথা,Word
258,ফ্রুওও ,ফরু ,পরশু,পরশু,Day before yesterday
259,আজিয়ে,আজকো,আইজগো,আজকে,Today
260,হালিয়ে,কালকু,কাইলগো,কালকে,Tomorrow
261,ইতে,অইলো,হ্যাই,সেই,That
262,ইবে ,অইলো,হ্যাই,সেই,That
263,হস,খাগজ,কাগোজ,কাগজ,Paper
264,হলম,কলম,কলম,কলম,Pen
265,টাট্রি,বাথরুম,বাথরুম,বাথরুম,Bathroom
266,দৈজে্য,গাং ,গা্ঙ,নদী,River
267,হাট্রল ,খাটল ,কাডাল,কাঠাল,Jackfruit
268,এলাহা ,গাউ,এলাকা,এলাকা,Area
269,আহল ,আখল,আক্কেল,আক্কেল,Cleverness
270,হবর ,গুরুস্থান,কবর,কবর,Grave
271,হালি ,শুধু,হুদা,খালি,Empty
272,বাইক্কে ,বাকী ,বাহি,বাকী ,Rest
273,আবাস ,আওয়াজ*,ম্যাতান,আওয়াজ,Sound
274,আনা ,আয়না,আয়না,আয়না,Mirror
275,চরী ,চাকরি,চাহুরি,চাকুরী,Job
276,জাগা,জাগা,জাগা,জায়গা,Place
277,দুয়ান,দোকান,দোহান,দোকান,Shop
278,লেচু ,লেচু ,লেচু,লিচু ,Lychee
279,পেরাক ,লুয়া,লোআ,পেরেক,Nail
280,ফিতে,ফিতা,ফিতা,ফিতা,Tape
281,বুতম,গোতাম,বুদাম,বোতাম,Button
282,সন ,সাবন,সাবান,সাবান,Soap
283,কুয়ে,কয়ফল ,কোম্বা,পেঁপে,Papaya
284,সিনা ,বুক,বুখ,বুক,Chest
285,ভিতর,ভিতর,ভিতরে ,ভিতর,Inside
286,দিলি ,দিছইন ,দিলি,দিলা,Gave
287,হন হারনে ,ওউ ,এডা,এই,This
288,হারনে,অতার লাগি,ফাইন্নে,কারনে,For this reason
289,এইতুন ,ওখান ,এহাইনদা,এইখান,Here
290,যাইতামগো,যাইতে ,যাইতে,যেতে,To go
291,গড়ে,কাম,কাম,কাজ,Work
292,সরি ,চাকরি,চাহুরী,চাকরি,Job
293,বেইন্নে ,বিয়ানবালা,ব্যাইন্নাহালে ,সকালবেলা,Morning
294,হাজুইন্নে ,হাইঞ্জাবালা,হাজ,সন্ধ্যা,Evening
295,হইদি,কইছি ,কইছি,বলছি,Saying
296,হম,থোরা,কোম,কম,Less
297,খাট্টা বায়ুন,টমেটু,টমেটু,টমেটো,Tomato
298,সুর্গ ,শিরা,মৌ,ঝোল,Gravy
299,সানসে,মানষে,মানষে,মানুষে,People
300,ইচে,ইছা,চিঙ্গৈর,চিংড়ি,Shrimp
301,ওনির,হুকইনর,হূটকির,শুটকির,Dried fish
302,গোয়াচি ,শফরি ,গইয়া,পেয়ারা,Guava
303,দিউম,দিমু,দিমু,দিব,Will give
304,দেখুদে,দেখছত,দ্যাখছো,দেখেছ,Have seen
305,একমাত্র,একমাত্র,হুদা,একমাত্র,Only
306,হাসিবে ,হাসবায়,হাসপি,হাসবে,Will laugh
307,খাইয়ুম ,খাইমু,খামু,খাব,Will eat
308,যাইয়ুম,যাইমু,যামু,যাইব,Will go
309,আরার, আমরার,মোগো,আমাদের,Our
310,যাইবেনা,যাইবো,যাইবে,যাবে,Will go
311,নায়িকা,নাইকা,নাইকা,নায়িকা,Heroine
312,কন,কিগুইম,ক্যারা,কারা ,Who
313,অনর ,আফনার,আম্মের,আপনার,Your
314,আয়ু,আও,আয়,আস,Come
315,সাম্মে ,সামনে,সাম্মে,সামনে,In front
316,পিছে,পিছে,পিছে,পিছনে,Behind
317,উরে ,উপরে,উফরে,উপরে,Above
318,লাই,জন্য ,ফাইন্নে,জন্য ,For
319,বিয়াগ্গুন,হক্কল,হগলে,সবাই,Everyone
320,আত ,হাত,হাত,হাত,Hand
321,টেং ,টেং ,পাও,পা,Leg
322,হান ,কান ,কান,কান ,Ear
323,গাল ,ফাখা,মুখ,মুখ,Mouth
324,ফজরত ,ফজর,ফজর,ফজর,Fajr (morning prayer)
325,দুইজ্জে,দুপুর,দুহার,দুপুর,Noon
326,মহৈরবত্তত ,মাগরিব,মাগরিব ,মাগরিব,Maghrib (evening prayer)
327,তরহারি ,তরকারি,সালুন,তরকারি,Curry
328,ফোয়াদ,মজা,মজা,মজা,Tasty
329,মনা ,ময়না,ময়না,ময়না,Myna (bird)
330,বিলেই ,মেকুর,বিলই,বিড়াল,Cat
331,ইয়েল,হিয়াল,শিয়াল,শিয়াল,Fox
332,আফেল,আপেল,আপেল,আপেল,Apple
333,আনকুর,আঙ্গুর ,আঙ্গুর ,আঙ্গুর ,Grapes
334,মিডে ,মিটা,মিডা,মিষ্টি,Sweet
335,পরা,ফড়া,পড়া,পড়া,Study
336,কমপ্লিট,কমপিলিট,কমপ্লিট ,কমপ্লিট,Complete
337,অয় ই না,হইছে ,হইছে,হয়েছে,Has been
338,আজি,আজকো,আইজগো,আজকে,Today
339,স্কুলত ,স্কুলো,স্কুলে,স্কুলে,At school
340,আইন্নুম,আনতাম,আনমু,আনব,Will bring
341,আম্মারে ,আম্মাকে,আম্মারে,আম্মাকে,To mom
342,পুচর,জিগানি,জিগানো,জিজ্ঞাসা,Ask
343,গর,খর,হর,কর ,Do
344,হাই ,খাই,খামু,খাই,Eat
345,খেলি,খেলি,খেলি,খেলি,Play
346,ফড়ি,পড়রাম,পড়ি,পড়ি ,Study
347,ফৈরজুম,পড়মু,পড়মু,পড়বো,Will study
348,হবর,খবর,খবর,খবর,News
349,খেলা,খেলা,খেলা,খেলা,Game
350,হাই,কররাম,হরি,করি,Do
351,পরোদে,পড় ,পড়,পড় ,Read
352,হন,কোন,কোন,কোন,Which
353,চাঁদপুরত,চাঁদপুর,চাঁদপুর,চাঁদপুর,Chandpur
354,যাইবে,যাও,যাও,যাও,Go
355,রিক্সাত,রিক্সা,রিক্সা,রিক্সা,Rickshaw
356,গরে ,করে,হরে,করে,By
357,আইসসুম,আইমু,আমু,আসবো,Will come
358,আরিফ,আরিফ,আরিফ্যা,আরিফ,Arif
359,বয়স,বয়স,বয়স,বয়স,Age
360,হতো,কত,কতো,কত,How much
361,গরো ,খর ,হর,কর,Do
362,হালিয়ে,কাল,ক্যাইল,কাল,Tomorrow
363,বারিশা হাল,বর্ষাকাল,বর্ষাকাল,বর্ষাকাল,Monsoon
364,হালিয়ে,কালকো,কাইলগো,কালকে,Tomorrow (again)
365,কুঁইর,কুত্তা,কুত্তা ,কুকুর,Dog
366,হাউও,কাক,কাউয়া,কাক,Crow
367,গরা,খলস ,কলসি,কলসি,Pitcher
368,হইতর,পারো,কবুতর,কবুতর,Pigeon
369,গুড়ি,বেড়ানিত ,বেড়াইতে,বেড়াতে,To visit
370,আই,গেছি,গেলাম,যাই ,Go
371,সলো,ছল ,ল,চল,Let’s go
372,যো ,যাও,যাও,যাও,Go
373,হার ,কার,কের,কার ,Whose
374,লগে ,লগে,লগে ,সাথে,With
375,অসুখ,বেমার,অসুস্থ,অসুস্থ,Sick
376,ফরে,বাদে ,ফরে,পরে,Later
377,নয়া,নয়া,নুতান,নতুন,New
378,উন্নিশে,বাইত ,বমি,বমি ,Vomit
379,হঅন,খানি ,খাওয়া,খাওয়া,Eating
380,উ ,এখটা,এ্যাকটা,একটি,One
381,ইক্কা ,ওখানো,এহানে,এখানে,Here
382,গোসসা,ঘুষা,রাগ,রাগ,Anger
383,গইজ্জি,করছি,হরছি,করেছি,Have done
384,হামাক্কা ,অবশ্যই,অবশ্যই,অবশ্যই,Definitely
385,খস,খাগজ,কাগজ,কাগজ,Paper
386,আফ,সাপ,হাপ,সাপ,Snake
387,রুফা ,রূফা ,রূপা,রূপা,Silver
388,সরফ,চরবি ,চর্বি,চর্বি,Fat
389,বেজ্ঞিন,সবতা,সপটায়,সবগুলো,All
390,শ৴ন,শ্রাবণ ,শ্রাবন,শ্রাবণ,Shravan (month)
391,সঁই,উরি,শিম,শিম,Bean
392,লফযো,শব্দ,শব্দ,শব্দ,Sound
393,ল্যাঞ্জা,লেংগুর ,ল্যাঞ্জা,লেজ,Tail
394,যেঁত্তে,যখন,যহন,যখন,When
395,মেইফুয়া,বেটি,মাতারি,মহিলা,Woman
396,ফোঁয়াইত্তা,সহাল,বেইন্নাকাল,ভোর,Dawn
397,বিঁডা,বিটা ,ভিডা,ভিটা,Homestead
398,ডর,ভয়,ডর,ভয়,Fear
399,যর,বৃষ্টি,বিষ্টি ,বৃষ্টি,Rain
400,বাআর,বাইর,বাইর,বাহির,Outside
401,গিরস্ত,বাড়িয়ালা ,বাড়িয়ালা,বাড়িওয়ালা,Landlord
402,বইডাত,বাসাত,বওয়ায়,বসায়,Settled
403,ফঅন,ফাগুন,ফাল্গুন,ফাগুন,Phagun (month)
404,ফুসর,্পুছা,প্রশ্ন,প্রশ্ন,Question
405,ৱারম্বত্তি,শিয়ানা,প্রাপ্তবয়স্ক,প্রাপ্তবয়স্ক,Adult
406,আদইজ্জা,প্রিয়,প্রিয়,প্রিয়,Dear
407,বাইক্কা,হুদাও ,ফাও,ফালতু,Useless
408,ফিঙ্গে,ঠাডা,ঠাডা,বজ্রপাত,Thunderstorm
409,ডঅর,বড়,বড়,বড়,Big
410,বাঁদর,বান্দর ,বান্দর,বাঁদর,Monkey
411,হালুর,খালুর,খালুর,খালুর,Uncle (maternal)
412,হালুর,খালু,খালু,খালু,Uncle
413,শিকারী,ষিখারী ,শিকারী ,শিকারী,Hunter
414,শিকারীর,শিখারীর ,শিকারীর ,শিকারীর,Hunter’s
415,লইয়্যে,লইয়া ,লইয়া,নিয়ে,With
416,শিকার,ষিখারী ,শিকার,শিকার,Hunting
417,সুখত,সুখে ,সুখে,সুখে,Happily
418,জইক্কা,জোড় ,জোড়া/জমজ,জোড়া/জমজ,Pair/Twin
419,ব্যবসায়ী,কারবারি ,ব্যবসায়ী,ব্যবসায়ী,Businessman
420,ডঁর,বড়,বড়ো,বড়,Big (again)
421,হাইস,খাইও ,খাইয়ো,খেয়ো,Eat
422,বরফের,বরফোর ,বরফোর ,বরফের,Ice
423,বুড়ি,বুরি ,বুড়ি,বুড়ি,Old lady
424,টিপ,ফুটা ,টিপ,টিপ,Bindi (forehead decoration)
425,লাডি,লাডি,লাডি,লাঠি,Stick
426,বিয়াদপ,বেয়াদপ,টিপ,বেয়াদপ,Rude
427,চিবি,টিফাইয়া ,টিপ্পা,টিপে,Press
428,যুগর,জুগওর ,যুগের,যুগের,Era
429,ফেলাইতাম,ফালাইতাম ,হালাইতাম,ফেলতাম,Used to throw
430,অইত্যু,ঐতও ,হত.,হত.,Was
431,অইত,হইতে,হইতে,হতে,To be
432,গুঁড়া,এট্টুন,ছোডো,ছোট্ট,Tiny
433,হাইল্ল্যা,খালি ,খালি,খালি,Empty
434,উদ্দেশ্য,মতলব ,উদ্দিশ্য,উদ্দেশ্য,Purpose
435,ছোড,ছোট,ছোডো,ছোট,Small
436,মগজত,ঘিলুত ,মগজে,মগজে,Brain
437,আঙুল,অঙ্গুইল,আঙ্গুল ,আঙুল,Finger
438,ফানের,ফানো'র ,পানের,পানের,Betel leaf’s
439,ফান,ফান ,পান,পান,Betel
440,ফোয়াইলেই,ফুয়াইলে ,পোয়ালে,পোহালে,After dawn
441,লাইব্যু,লাগবো ,লাগবে ,লাগবে,Will need
442,বুদ্ধি,আখল,বুদ্ধি,বুদ্ধি,Wisdom
443,ক্লান্ত,হেরান,ক্লান্ত,ক্লান্ত,Tired
444,গুষ্টি,গোষ্ঠী ,গুষ্টি ,গোষ্ঠী,Group
445,কুবুদ্ধি,কুমতলব ,কুবুদ্ধি,কুবুদ্ধি,Evil mind
446,ফারো,ফারো ,ফারো ,পারো,Can
447,সুখী,সুখী,সুখী,সুখী,Happy
448,গোঅর,গুফর ,গোবর,গোবর,Dung
449,নান,মত ,মতো,মত,Like
450,হারা,তাড়াতাড়ি,তাড়াহুড়া ,তাড়াতাড়ি,Quickly
451,ফারিবেন,পারবায়,ফারিবেন,পারবেন,Will you be able
452,গরিবেন,করবায়,হরবেন,করবেন,Will do
453,জানিত,জানতাম ,জানতাম ,জানতে,To know
454,বানাইতু,বানানীর ,যোগার,তৈরির,Making
455,দিবেল,দিবার ,দেওয়ার,দেবার,To give
456,লিহে,লেকিয়া  ,লেইক্যা,লিখে,By writing
457,চলিলো,গেলো,গেলো,চলল,Went
458,লেহা,লেখা ,লেহা,লেখা,Writing
459,পানিত,পানিতে,পানিতে,পানিতে,In water
460,উদ্দি,উপরে,উফরে,উপরে,On top
461,মিডে,মিটা,মিডা,মিষ্টি,Sweet
462,ফারওই,ফার  অইয়া ,পারহইয়্যা,পেরিয়ে,Beyond
463,বাতাস,বাতাস,বাসাত,বাতাস,Air
464,ফার,ফার ,ফার ,পার,Cross
465,বাতাসর,বাতাসের,বাসাতের,বাতাসের,Of the air
466,রূপত,রুফে ,রূপে,রূপে,As a form
467,জানোয়াররে,জানোয়ারকে,জানোয়াররে,জানোয়ারকে,Animal
468,রূপর,রুফের ,রূপের,রূপের,Beauty
469,আনন্দিত,কুশি ,আনন্দিত,আনন্দিত,Happy
470,ফারে,ফারে,পারে,পারে,Can
471,ব্যাফার,ফারে ,ব্যাফার,ব্যাপার,Matter
472,গ্রুফুর,বিয়াপার ,গ্রুপের,গ্রুপের,Group
473,মাইধ্যমে,গুরুপর ,মধ্যে ,মাধ্যমে,Through
474,গিল,গেছিল,গ্যালে,গেল,Went
475,বাজারত,বাজারে,বাজারে,বাজারে,In the market
476,পারিলে,মাইদ্দমে ,পাল্লে,পারলে,If you can
477,মারাইবের,মরবার,মারার,মারার,To hit
478,আইস্সো,আইছো,আইছো,এসেছ,Came
479,আইচ্ছা,আইচ্ছা ,আইচ্ছা ,আচ্ছা,Okay
480,পদ্দা,ফারলে ,পর্দা,পর্দা,Curtain
481,কানুন,ফর্দা ,কানুন ,কানুন,Law
482,আইচ্চুস,আইচছ,আইছো,এসেছিস,Came
483,টান্ডা,ঠাণ্ডা,ঠাণ্ডা,ঠাণ্ডা,Cold
484,বহুতক্ষণ,বাক্কা সময় ,অনেকক্ষুন,অনেকক্ষণ,Long time
485,গেলাম,গেলাম,যাইলাম,গেলাম,Went
486,রসাল্লো,রসাইল ,রসালো,রসালো,Juicy
487,ওই,অই ,হই,হই,Become
488,সমস্যা,বেঙ্গা,সমেস্যা,সমস্যা,Problem
489,সমস্যাত,বেঙ্গায়,সমেস্যায়,সমস্যায়,In trouble
490,পুন্দুত,ফুটকিত ,হোগা,পাছায়,Hip
491,যা,জা ,যা,যা,That
492,হাছাড়া,ময়লা,ময়লা,ময়লা,Dirty
493,চাকর,কামলা,চাকর,চাকর,Servant
494,ফেরী,ফেরী,ফেরী,ফেরী,Ferry
495,চাকররে,কামলারে,চাকরকে,চাকরকে,To the servant
496,থামে,থামে,থামে,থামে,Stops
497,গ্যিলে,গেলে ,যাইলে,গেলে,Went
498,বন্নাই,গিবত,বদনাম,বদনাম,Bad reputation
499,ফোঁয়াইজ্জা,বন্ধু,বন্ধু,বন্ধু,Friend
500,যলই,লুয়া,পেরাক,পেরাক,Nail
501,ড়াডঅ,গারী ,পুরু,পুরু,Thick
502,মরদফুয়া,বেটা,ব্যাডা,পুরুষ,Male
503,বইজ্জা,বড়া,পূর্ণ,পূর্ণ,Complete
504,বইজ্জা,বড়া,পরিপূর্ণ,পরিপূর্ণ,Full
505,ফো৴শ,ফুষ,পৌষ,পৌষ,Poush (month)
506,ওয়াদা,কীরা ,প্রতিজ্ঞা,প্রতিজ্ঞা,Promise
507,বদলা,বদলা লওয়া ,প্রতিশোধ,প্রতিশোধ,Revenge
508,দু৴ইজ্জা,দুপুর,দুহার,দুপুর,Noon
509,বিরবিজ্জা,ফিছলা ,পিছলা,পিচ্ছিল,Slippery
510,বিরবিজ্জা,ফিছলা ,পিছলা,পিছলা,Slipped
511,তিরাশ,তিসনা ,তৃহা,পিপাসা,Thirst
512,ফাইজ্জুম,পারমু,পারমু,পারবো,Will be able
513,ফঅইর,ফইর ,পালক,পালক,Feather
514,ধাইযন,ভাগা ,পলানো,পালানো,Runaway
515,ধাইয়্যি,ভাগছে ,পলাইছে,পালিয়েছে,Ran away
516,লতিক,ফরজন্ত ,পর্যন্ত,পর্যন্ত,Until
517,ফা৴না,ফাখয়া ,পাহা,পাঁকা,Ripe
518,তেইল্লাসুরা,তেল ছোঁড়া ,তেলাচোরা,তেলাপোকা,Cockroach
519,হালত,পরিস্থিতি,পরিস্থিতি,পরিস্থিতি,Situation
520,ফাঁস,পাঁচ,পাঁচ,পাঁচ,Five
521,ফাঁচ্চো,পাঁচটা,পাঁচডা,পাঁচটা,Five o'clock
522,ফইক,পাখি,পাখি,পাখি,Bird
523,ফঅল,ফগল ,পাগল,পাগল,Crazy
524,ফানি,পানি,পানি,পানি,Water
525,টাট্টিহানা,লেফন্টি,পায়খানা,পায়খানা,Toilet
526,ব~টা,পতাকা,পতাকা,পতাকা,Flag
527,নিয়শ,দম ,নিঃশ্বাস,নিঃশ্বাস,Breath
528,ফরুয়ো,পরশু,ফরুয়ো,পরশু,Day after tomorrow
529,নামাত,লামাত ,নিচে,নিচে,Below
530,নাস,নাছ্তা,নাচ,নাচ,Dance
531,বন্নাই,গীবত,গিবাদ,নিন্দা,Slander
532,লাশারা,বেহায়া,নির্লজ্জ,নির্লজ্জ,Shameless
533,সল্লাদার,উপায় দাতা,পরামর্শ দাতা,পরামর্শ দাতা,Advisor
534,সল্লা,উপায়,পরামর্শ,পরামর্শ,Advice
535,নোয়া,নয়া,নুতান,নতুন,New
536,ন,নয়,নয়,নয়,No
537,লঅ,নেও,নেও,নাও,Take
538,যারগো,খবিছ,দুষ্ট,দুষ্ট,Naughty
539,দোন্দশা,শণদয় ,দ্বিধা,দ্বিধা,Doubt
540,উদার,খর্যও ,উদ্ধার ,ধার,Borrow
541,উয়াইশ্যা,ভুকা,ক্ষুধার্ত,ক্ষুধার্ত,Hungry
542,নাইজ্জল,নাইকল,নাহইল,নারিকেল,Coconut
543,সলই,দেশলাই/মেছ ,গেশলাইট,দিয়াশলাই,Matchstick
544,দুই,দুই,দুই,দুই,Two
545,দুয়ো,দুইটা,দুইডা,দুইটা,Two o'clock
546,দুয়ো,দুটো,দুইডা,দুটো,Both
547,থিয়্যন,উবানি,দাড়াইন্যা,দাঁড়ানো,Stand
548,দিয়্যুম,দিমু ,দিমু,দিবো,Will give
549,নইদ্যুম,দিমু  না,দিমুনা,দিবোনা,Will not give
550,দোন্দশা,শণদয় ,দ্বিধা,দ্বিধা,Doubt
551,দশ্যো,দশটা,দশডা,দশটা,Ten o'clock
552,থিয়্যা,উবা,দাড়া,দাঁড়া,Wait
553,থ্যিও,উবাও,দাড়ান,দাঁড়াও,Stand still
554,তাইক্কুম,থাকমু ,থাকমু,থাকবো,Will stay
555,তুন,থাকি,থাইক্যা,থেকে,From
556,ফুইশ্যন,ফালখা,দত্তক,দত্তক,Adopt
557,ত্যাঁ,তাইন,সে,তিনি,He
558,তুয়ান,তুফান,ঢেউ,তুফান,Storm
559,টঁঅশা,ফাইজলামি ,ফাইজলামি ,তামাশা,Joke
560,বা৴দে,এর্বাদে,হইয়ারপর,তারপর,Then
561,তিন,তিন,তিন,তিন,Three
562,তিন্নো,তিনটা,তিনডা,তিনটা,Three o'clock
563,হাট্টা,চুকা,চুক্কা,টক,Sour
564,তাইল্লাফোরা,টাখ,টাক,টাক,Bald
565,মেসা,টেবিল,টেবিল,টেবিল,Table
566,বযা,এনডা,আন্ডা,ডিম,Egg
567,ডুফ,ডুফ,ডুব,ডুব,Dive
568,সানফ৴র,জুস্না,জ্যোৎস্না,জ্যোৎস্না,Moonlight
569,ফযাত,মাইর,ঝগড়া,ঝগড়া,Quarrel
570,ফযাতি,দরবারি ,ঝগরাইট্টা,ঝগড়াটে,Quarrelsome
571,তুয়ান,তুফান,বইন্না,ঝড়,Storm
572,সানফ৴র,জুস্না,জোছনা,জোছনা,Moonlight
573,মসল্লা,জায়নামাজ ,জায়নামাজ,জায়নামাজ,Prayer mat
574,জিলফা,জিফ্রা,জিবরা,জিব্বা,Tongue
575,জেট়,মুরইব্বি,জৈষ্ট,জৈষ্ঠ্য,Jyestha (month)
576,স়,ছয়,ছয়,ছয়,Six
577,সঅল,বখরি,ছাগল,ছাগল,Goat
578,ফানি,পানি ,পানি,জল,Water
579,সাইরগো,চারটা,চাইরডা,চারটা,Four o'clock
580,সিয়া,উন্দুর*,চিহা,চিকা,Gecko
581,সইত,ছৈত,চৈত্তির,চৈত্র,Chaitra (month)
582,অযাবিন,উছন্টও,চঞ্চল,চঞ্চল,Restless
583,সিটা৴ঙ,চট্টগ্রাম,চট্টগ্রাম,চট্টগ্রাম,Chattogram
584,সান,ছান,চান,চাঁদ,Moon
585,লউফিনি,গিরগিটি ,গিরগিডি,গিরগিটি,Lizard
586,গেইয়্যি,গেছে,গ্যাছে,গেছে,Has gone
587,ঘেডি,গরধনা,ঘ্যাডি,ঘাড়,Neck
588,টোঁডা,গলা,গলা,গলা,Throat
589,গাস,গাছ,গাছ,গাছ,Tree
590,মুর,গভীর,গভীর,গভীর,Deep
591,গিঁও,গেছে ,গোম,গম,Wheat
592,গরম হাল,গর্ম,গরমকাল,গরমকাল,Summer
593,তোয়ন,তুকানি,বিছ্যান্না,খোঁজা,Search
594,হ়াক্কা,খালা,খালাম্মা,খালা,Aunt
595,ক়ুশি,খুশি,খুশি,খুশি,Happy
596,হাজুর,গম,খেজুর,খেজুর,Date (fruit)
597,গেইয়্যিদেহালিয়ে,গত খাইল,গেছেকাইল,গতকাল,Yesterday
598,বাশ,খেজুর ,গোন্ধ,গন্ধ,Smell
599,উয়াইশ্যা,ভুকা,ক্ষুধার্ত,ক্ষুধার্ত,Hungry
600,হেঁইল,গন্দ,কোমর,কোমর,Waist
601,আঁজাআঁজি,খমর,কোলাকুলি,কোলাকুলি,Embrace
602,অরান,হেরান,ক্লান্ত,ক্লান্ত,Tired
603,মাদান,আইঞ্জা-আইঞ্জি,ক্ষণ,ক্ষণ,Moment
604,ভুক,ফেটোবুক,খিদা,ক্ষুধা,Hunger
605,সঁই,পালং,চহি,খাট,Bed
606,হোঁয়া,সময় ,কুয়াশা,কুয়াশা,Fog
607,বলি,কুয়া,কুস্তিগির,কুস্তিগির,Wrestler
608,হনিক্কা,কেউ,কেহো,কেউ,Someone
609,বইয়ুন,বউক্কা,বয়েন,বসেন,Sit
610,বইয়ু,বও ,ব,বসো,Sit down
611,তজিয়া,মেনত,কষ্ট,কষ্ট,Pain
612,কিঁয়ারা,খেখরা,কারহ্যা,কাঁকড়া,Crab
613,বন্নাই,গিবত,বদনাম,বদনাম,Bad reputation
614,লইব্য,রামাই,বড়ডি,বরবটি,Bean
615,বয়,বও,ব,বস,Sit
616,বইডাত,বাসাত,বওয়ায়,বসায়,Sit down
617,যে হানা,বহুত,ভেমালা,অনেক,Many
618,হায় ,খায় ,খাওয়ায়,খায় ,Eats
619,বয়,মত,ব,বস,Sit
620,বঁইশ,ভইস,মইষ,মহিষ,Buffalo
621,ফান,আজাব**,মোতো,মত,Like
622,ফানলার,লামাত,মোনেহয়,মনেহয়,Seems
623,মাইল্লেফিরা,মেরুদণ্ড ,মহামারী,মহামারী,Epidemic
624,মাহোর,মাকড়,মাকড়োষা,মাকড়সা,Spider
625,মাগ়,মাঘ,মাঘ,মাঘ,Magh (month)
626,মেডি,মাটি,মাডি,মাটি,Soil
627,হোমা,ফাখা,মুক,মুখ,Mouth
628,উরুম,মুড়ি,মুড়ি,মুড়ি,Puffed rice
629,কুরা,মুরগী,মুরা,মুরগী,Chicken
630,তরস,সাজা,খাডাল,মেঝে,Floor
631,কিচ্চি,করছি,হরলাম,করলাম,Did
632,দারাইন্না,লুব**,মেরুদণ্ড,মেরুদণ্ড,Spine
633,গরবা,কুটুম,মেহোমান,মেহমান,Guest
634,তজিয়া,ফতিজ্ঞা ,ব্যতা,যন্ত্রণা,Pain
635,ডিল্লা,রকম,রহম,রকম,Kind
636,লউ,রক্ত,রক্ত ,রক্ত,Blood
637,ডাইন,রাইক্ষস,রাক্ষস ,রাক্ষস,Demon
638,রাঁদা,রানরা,রানদা,রান্না,Cooking
639,দারগো,ছেলি,দাউর,লাকড়ি,Firewood
640,ল্যাঞ্জা,টাউনি,ল্যাজ,লেজ,Tail
641,লালুস,শিশির ,লোভ,লোভ,Greed
642,দঅরো,শক্ত,শক্ত,শক্ত,Strong
643,বল,শক্তি,বল,শক্তি,Power
644,ওয়াদা, হুকনা,শপোত,শপথ,Oath
645,লফযো,শব্দ,শব্দ,শব্দ,Sound
646,ওঅর,হৌর,হউর,শশুর,Father-in-law
647,শোর্গো,ডেখা,শহৈড়রা,শহুরে,Urban
648,বাত্তোমনা,শালিক,হালিক,শালিক,Mynah bird
649,ওঅরি,হরি,হাউরি,শাশুড়ী,Mother-in-law
650,হোঁয়ারফানি,শিশির ,নিশি্র,শিশির,Dew
651,শিতহাল,ঠাণ্ডাকাল,শীতকাল,শীতকাল,Winter
652,ফুয়ানা, হুকনা,হুগনা,শুকনা,Dry
653,উদো,খালি,হুদা,শুধু,Only
654,বিরিশ,ডেখা,হার,ষাড়,Bull
655,বিয়াক,শব,ভেবাগ,সব,All
656,এগযা,হখল সময়,হগলসময়,সবসময়,Always
657,দইজ্জা,সমুদ্র,সাগর,সমুদ্র,Sea
658,সরফ,চরবি,চর্বি ,চর্বি,Fat
659,দইজ্জা,সমুদ্র,সাগর,সাগর,Ocean
660,শাত,হাত,সাত,সাত,Seven
661,মুনতু,সামনে,সাম্মে,সামনে,Front
662,ইযন,সিদ্দ,হেদ্ধ,সিদ্ধ,Boiled
663,সিন্নে,চরবি,চর্বি,চর্বি,Fat
664,হোশবু,সুগন্ধ,ঘ্রান,সুগন্ধ,Fragrance
665,ফোয়াইদ্দা,মজা,মজা,সুস্বাদু,Delicious
666,বেইল,সুরুজ,সূর্য,সূর্য,Sun
667,ইক্কা,হবায়দি,হেদিকে,সেদিকে,That way
668,শিদা,সুজা,সোজা,সোজা,Straight
669,হোয়াব,সফনো,স্বপ্ন,স্বপ্ন,Dream
670,হাইচ্চুত,স্বভাব,স্বভাব,স্বভাব,Nature
671,বাইন্না,হুনার,স্বর্ণকার,স্বর্ণকার,Goldsmith
672,ফোয়াদ,স্বাদ,স্বাদ,স্বাদ,Taste
673,আফোয়াইদ্দা,খম মাতরা,অসুস্বাদু,অসুস্বাদু,Tasteless
674,আশি,হাসি,হাসি,হাসি,Smile
675,আতিক্কা,আখতা,হঠাৎ,হঠাৎ,Suddenly
676,হতল,জানে মারা,হত্যা,হত্যা,Murder
677,ন৴ইবু,ন অইব ,হইবেনা,হবেনা,Will not
678,আঁডু,আটু ,হাডু,হাঁটু,Knee
679,আযন,আরাইচইন,আরাইচইন,হারানো,Lost
680,বাআর,বাইর,বাইর,বাহির,Outside
681,ওয়া,আসসালামু ওয়ালাইকুম ,হে,হে,Hey
682,ওয়াদা,ফতিজ্ঞা,শপথ,শপথ,Oath
683,এগানা,কুটুম ,আত্মীয়,আত্মীয়,Relative
684,আলমিরা,আলমারি,আলমারি,আলমারি,Wardrobe
685,ফাতাইজ্জা,ফাতারে,আড়াআড়ি,আড়াআড়ি,Across
686,আশ্ট,আট,আট,আট,Eight
687,মনগুইজ্জে,সারথফর,আত্মকেন্দ্রিক,আত্মকেন্দ্রিক,Self-centered
688,হাসারা,বাদা,আবর্জনা,আবর্জনা,Garbage
689,আ৴ইর,আইরাম,আইছি,আসছি,Coming
690,আইয়্যির,আইর,আইছে,আসছে,Coming
691,উন্দুর,উন্দুর,ইন্দুর ,ইঁদুর,Mouse
692,হোঁয়াইশ,ইচ্ছা,ইচ্ছা ,ইচ্ছা,Desire
693,হোঁয়াইশ বল,ইচ্ছা শক্তি,ইচ্ছা শক্তি ,ইচ্ছা শক্তি,Willpower
694,রিশ,ইংসা,ঈর্ষা,ঈর্ষা,Jealousy
695,তেঁই,তাইন,উনি,উনি,He
696,এহন,এলকু ,এহন,এখন,Now
697,অ়ঞ্জক,জিনিসপত্র *,উপাদান,উপাদান,Ingredient
698,হয্যো,খরজো,দেনা,ঋণ,Loan
699,ইত্তিরি,অখন,এহনি,এক্ষুনি,Right now
700,এদুউন,অততা,এতোগুলা,এতগুলো,So many
701,এদ্দুর,ওতখান,এতোটুহু,এতটুকু,This much
702,ইক্কা,ওবায়দি,এদিকে,এদিকে,This way
703,এদ্দে,এবং,এবং,এবং,And
704,এনে,এমনেউ,এম্মে,এমনি,Like this
705,আইশ্যে,আইছে,আইছে,এসেছে,Has come
706,এন্ডে,ওনো,অহানে,ওখানে,There
707,এন্ডে,ওনো,অহানে,ওখানে,There
708,হইতর,কবুতর,কবুতর,কবুতর,Pigeon
709,মাইয়া,ফুড়ি,মাইয়া,মেয়ে,Girl
710,সবক,কবিতা,কবিতা,কবিতা,Poem
711,ওয়া,এরে,ওই,ওহে,Hey
712,ইক্কে,ওবায়দি,ওম্মে,ওদিকে,That way
713,হদ্দুর,খতখান,কতটুহু,কতটুকু,How much
714,হোয়াল,খফাল,কপাল,কপাল,Forehead
715,হাঁডা,কাঁটা,কাডা,কাঁটা,Thorn
716,হাউও,কাউ্উয়া,কাউয়া,কাক,Crow
717,হ৴জ,খাগজ,কাগজ,কাগজ,Paper
718,ফুসর গরন,জিকানি,প্রশ্ন হরা, প্রশ্ন করা,Ask question
719,সঁঅরি · সঁ৴রি,চাকরী,চাকরী,চাকরী,Job
720,সোলা,খটা,কাঠবিড়ালি,কাঠবিড়ালি,Squirrel
721,হঁঅর,খামড়,কামড়,কামড়,Bite
722,হন,কিগু,কে,কে,Who
723,জুনি,জুনাকি,জোনাকি,জোনাকি,Firefly
724,আঁজাআঁজি,আইঞ্জা আইঞ্জি,কোলাকুলি,কোলাকুলি,Embrace
725, ৱারম্বত্তি, প্রাপ্তবয়স্ক, প্রাপ্তবয়স্ক, প্রাপ্তবয়স্ক,Adult
726,বেসরবা, অতিরিক্ত, অতিরিক্ত, অতিরিক্ত,Excess
727,কিল্লাই,খেনে,ক্যা,কেন ,Why
728,কিল্লাই,খেনে,ক্যা,কেনো,Why
729,হনিক্কা,কেউ,কেও,কেউ,Someone
730,তোয়ন,তুকানি,খোঁজা,খোঁজা,Search
731,ভুক,ফেটোবুক,ক্ষিদা,ক্ষুধা,Hunger
732,গরম হাল,গরমকাল ,গরমকাল,গরমকাল ,Summer
733,উয়াইশ্যা,ভুকা,ক্ষুধার্ত,ক্ষুধার্ত,Hungry
734,তসনা,গীবত,গীবত,গীবত,Gossip
735,সাইরগো,চারটা,চাইরডা,চারটা,Four o'clock
736,সইল,চাউল,চাউল,চাল,Rice
737,সিয়া,উন্দুর,চিহা,চিকা,Gecko
738,গেইয়্যি,গেছে,গেছে,গেছে,Has gone
739,সানফ৴র,জুস্না,জ্যোৎস্না,জ্যোৎস্না,Moonlight
740,তুয়ান,তুফান,বইন্না,ঝড়,Storm
741,কেরফেট,ঝামেলা,ঝামেলা,ঝামেলা,Trouble
742,সইত,ছৈত,চৈত্তির,চৈত্র,Chaitra (month)
743,তুইয়া-মুইয়া,ছোটো মত,ছোটখাটো,ছোটখাটো,Petite
744,ফোয়াক্কাই,বাইচ্চামি,পোলা,ছেলেমানুষী,Childishness
745,মেসা,টেবিল,টেবিল,টেবিল,Table
746,ডুফ,ডুফ,ডুফ,ডুব,Dive
747,সালন,তরকারি,তরকারি,তরকারি,Curry
748,ইতারার,তারারে,তাগো,তাদের,Their
749,টঁঅশা,তামশা,তামশা,তামাশা,Joke
750,বা৴দে,এর্বাদে,হেইয়ার পর,তারপর,Then
751,তিন্নো,তিনটা,তিনডা,তিনটা,Three o'clock
752,তিরাশ,পিয়াস,তৃহা,তৃষ্ণা,Thirst
753,তেতই,তেঁতুল,তিতইল,তেঁতুল,Tamarind
754,তেইল্লাসুরা,তেল ছোঁড়া ,তেলাচোরা,তেলাপোকা,Cockroach
755,তাইক্কুম,থাকবো,থাকমু,থাকবো,Will stay
756,দঅ,দিলাও,দে,দাও,Give
757,থিয়্যা,উবা,খারা,দাঁড়া,Wait
758,থ্যিও,উবাও,খারাও,দাঁড়াও,Wait (formal)
759,থিয়্যন,উবানি,খারান,দাঁড়ান,Stand
760,থিয়্যন,উবানি,খারানো,দাঁড়ানো,Standing
761,দিয়্যুম,দিমু,দিমু,দিবো,Will give
762,নইদ্যুম,দিমু না,দিমুনা,দিবোনা,Won't give
763,সলই,দিয়াশলাই,গেশলাইট,দিয়াশলাই,Matchstick
764,দু৴ইজ্জা,মাদান,দুহার,দুপুর,Noon
765,দু৴ইর্গা,দুপুর,দুহার,দুপুর,Noon
766,যারগো,খবিছ,দুষ্ট,দুষ্ট,Naughty
767,নামাত,নিচে,নিছে,নিচে,Below
768,দোন্দশা,দ্বিধা,দ্বিধা,দ্বিধা,Doubt
769,বন্নাই,গীবত,গীবত,নিন্দা,Slander
770,লাশারা,বেহায়া,বেহায়া,নির্লজ্,Shameless
771,ফন্না,লেখা ফড়া,পড়ালেহা,পড়ালেখা,Study
772,ব~টা,পতাকা,পতাকা,পতাকা,Flag
773,ফা৴না,পাহা,পাহা,পাঁকা,Ripe
774,ফাঁচ্চো,পাঁচটা,পাঁচডা,পাঁচটা,Five o'clock
775,বযা,এনডা,আন্ডা,ডিম,Egg
776,ফইক,পাখি,পাখি,পাখি,Bird
777,ধাইয়্যি,পালিয়েছে,পলাইছে,পালিয়েছে,Has fled
778,ফাইজ্জুম,পারবো,পারমু,পারবো,Will be able
779,বিরবিজ্জা,পিছলা,পিছলা,পিছলা,Slipped
780,তিরাশ,পিপাসা,পিপাসা,পিপাসা,Thirst
781,ফঅইর,পালক,পালক,পালক,Feather
782,হইয়্যা,পেপে,কোম্বা,পেপে,Papaya
783,ড়াডঅ,পুরু,চেব্ডা,পুরু,Thick
784,মরদফুয়া,বেটা,ব্যাডা,পুরুষ,Male
785,বদলা,প্রতিশোধ,প্রতিশোধ,প্রতিশোধ,Revenge
786,আদইজ্জা,প্রিয়,প্রিয়,প্রিয়,Dear
787,ফইর,হকির ,ফহির,ফকির,Beggar
788,বাইক্কা,ফালতু,ফালতু,ফালতু,Useless
789,দেচ্চো,ফিঙ্গে,ফিঙ্গে,ফিঙ্গে,Drongo
790,বন্নাই,গিবত,গিবত,বদনাম,Bad reputation
791,ট়াডার,ঠাডা,ঠ্যাডা,বজ্রপাত,Thunderstorm
792,ডঁ৴র,বড়,বড়ো,বড়,Big
793,ওঁয়াইজ্জা,বন্ধু,বন্ধু,বন্ধু,Friend
794,ড়ল,বন্যা,বইন্না,বন্যা,Flood
795,লইব্য,রামাই,বরবটি,বরবটি,Bean
796,বা৴রকুলে,বাইরে,বাইরে,বাইরে,Outside
797,গিরস্ত,বাড়িআলা,বাড়িআলা,বাড়িওয়ালা,Landlord
798,বয়ার,বাতাস,বাসাত ,বাতাস,Air
799,বাইয়ুন,বাঙ্গইন,বেগুন,বেগুন,Eggplant
800,মদস্টিক,বিয়াক্কল,বলদ,বোকা,Fool
801,ব্যবআর,আচরণ,ব্যবহার,ব্যবহার,Behavior
802,ডর,ডর,ডর,ভয়,Fear
803,ৱাদঅ,ভাদো,ভাদ্দর,ভাদ্র,Bhadra (month)
804,বিঁডা,ভিডা,ভিডা,ভিটা,Homestead
805,ডরাল্লো,ডরালোক,ডওররা,ভীতু,Coward
806,গয়ম,শফরি,পেয়ারা,পেয়ারা,Guava
807,কুইশ্যল,আখ,আউখ,আখ,Sugarcane
808,গাগগুলা,গাব,গাব,গাব,Persimmon
809,কেলা,খলা ,ক্যালা,কলা,Banana
810,ডানডা,লাডি,লাডি,লাঠি,Stick
811,মিজি,মাঝে,মাঝে,মধ্যে ,Among
812,গম,ভালা,ভালো,ভালো,Good
813,যিবে,যে,যে,যে,That
814,বিসৈন ,হাতপাহা,হাতপাহা,হাতপাখা,Hand fan
815,অনরগনে ,হুদা,হুদা,অহেতুক,Unnecessary
816,অক্তর মোওতায্,গরীব,দারিদ্র্য ,দরিদ্র,Poor
817,আঁইডা ,এঁটো,আইষ্টা,এঁটো,Leftover
818,আলসিয়া,কুরিয়া,আলিস্যা,আলসে,Lazy
819,আনুনা ,লবণহীন,লবনছারা,লবণহীন,Saltless
820,হলহইল্যা ,ফাহা,ফাহা,ফাঁকা ,Empty
821,সুইনদা-বুইনদা ,এলোমেলো,আউলা ঝাউলা,এলোমেলো,Messy
822,অউল - ফউল ,এলোমেলো,আউলা ঝাউলা,এলোমেলো,Messy
823,আউন্দা ,ঝুল,ঝুল,ঝুল,Soot
824,ঝাঁডা হোয়াইল্যা ,ভাগ্যহীন,ভাগ্যহীন,ভাগ্যহীন,Unlucky
825,ঝাডা/ফুরইন,হুরইন,পিছা,ঝাড়ু,Broom
826,টাট্টি,আঘা,লেটটিন,টয়লেট,Toilet
827,তেইক্কে,টুপি,টুহি,টুপি,Cap
828,তকদির ,ভাইগ্গ ,ভাইগ্গ ,ভাগ্য,Luck
829,ঝিঁ ,কৈন্না,মাইয়া,কন্যা,Daughter
830,ফোঁয়া ,পুয়া,পোলা,পুত্র,Son
831,ফুতারা ,ফুতারা ,নাতি,দৌহিত্র,Grandchild
832,পুত,পুয়া,পোলা,পুত্র,Son
833,মিজি,মাঝে,মাঝে,মধ্যে,Among
834,গরিব ,গরিফ,গরিব ,গরিব ,Poor
835,ধনী ,ফইশেঅলা,ধনী ,ধনী ,Rich
836,থালী ,থালা,থাল,থালা,Plate
837,হোঠারা ,খট্রা ,বাডি,বাটি,Bowl
838,জেফ ,পকেট,পকেট,পকেট,Pocket
839,তোঁরা ,অল্প,কোম,অল্প,Few
840,আস্সান,আকাশ,আকাশ,আকাশ,Sky
841,লামো,নামা,নামা,নামা,Descend
842,কোয়েল,কোকিল,কুকিলা,কোকিল,Cuckoo
843,ভুতুর,ভিতর,মধ্যে ,ভিতর,Inside
844,ফিরিত ,পেরেম,পিরিত,প্রেম,Love
845,দুনিঁয়া ,দুনিয়া,পৃথিবী,পৃথিবী,World
846,ফুলহপি,ফুলকপি,ফুলকপি,ফুলকপি,Cauliflower
847,হর বায়্যুন,টমেটু,টমিটু,টমেটো,Tomato
848,খিরে,খিরা,শসা,শসা,Cucumber
849,মিডে,মিটা,মিডা,মিষ্টি,Sweet
850,বেহেশত ,জান্নাত ,জান্নাত ,জান্নাত,Heaven
851,লাইগ্যে,লাগছে,লাগাইসে,লেগেছে,Felt
852,ফেলাইলো,ফালাইসে,ফালাইসে,ফেলল,Threw
853,টিয়া,টিয়া,হালাইলো,টিয়া,Parrot
854,চরাইন্যা,চড়ানো,চড়াইসে,চড়ানো,Riding
855,রাহাল,রাখাল,রাখাল,রাখাল,Shepherd
856,ব্যবার,আচরণ,আচরণ,ব্যবহার,Usage
857,ব্যবারত,আচরনে,আচরনে,ব্যবহারে,In usage
858,ফোয়ার,ফুয়ার,পোলার,ছেলের,Boy's
859,রাহালঅর,রাখালের,রাখালের,রাখালের,Shepherd's
860,নাই,নাই,নাই,নেই,None
861,কাডা,কাটা,কাডা,কাটা,Cut
862,কাডে,কাটে,কাডে,কাটে,Cuts
863,উলটো,উল্টা,উল্ডা,উল্টো,Opposite
864,সহজে,সহজে,সহজে,সহজে,Easily
865,ধাক্কাত,ধাক্কাত,ধাক্কাত,ধাক্কায়,By push
866,সইজ্জো,সহ্য,শওন,সহ্য,Bear
867,মরতফোয়া,জোয়ান,ব্যাডা,যুবক/ পুরুষ,Young man / Man
868,পাইয়র,পাইছি,পাইছি,পাচ্ছি,Getting
869,হাইওনা,খাইছো,খাইছো,খেয়েছো ,Have eaten
870,হাবাইত,খাওনও,খাওয়াইতে,খাওয়াতে,Feed
871,ফুটবলত,ফুটবলে,ফুডবলে,ফুটবলে,Football
872,হার,কার,ক্যের,কার,Whose
873,ফ্যাকত,ফেখয়,কানদায়,কাদায়,Mud
874,কলজার,কইলজার,কইলজার,কলিজার,Heart
875,নিজেরে,নিজেরে,নিজেরে,নিজেকে,Himself
876,দাঁতত,দাঁতে ,দাঁতে ,দাঁতে,Teeth
877,নিজে,নিজে,নিজে,নিজে,Self
878,ধরিবার,ধরবার,ধরবার,ধরার,Of holding
879,ধরন,জাত,ধরন,ধরন,Kind
880,এডে,ওনো,অহানে,ওখানে,There
881,এদ্দুর,খাইলকু,এতো,এতো,So
882,তেইল্ল্যাছোরা,তেল ছোঁড়া ,তেলাচোরার,তেলাপোকার,Cockroach's
883,তলে,নিচে,নিচে,নিচে,Below
884,হাওনর,খাওয়ার,খাওয়ার,খাওয়ার,Eating
885,হাওন,খাওয়া,খাওয়া,খাওয়া,Food
886,নিজর,নিজের,নিজের,নিজের,Own
887,সামনে,সামনে,সামনে,সামনে,In front
888,রাইক্ষুম,রাখমু,রাখমু,রাখবো,Will keep
889,রাইবো,রাখমু,রাখমু,রাখবে,Will keep
890,লঁই,সারসি,লইয়া,নিয়ে ,Taking
891,লঁই,লগে,লগে,সাথে,With
892,মঅত ,মুরা,মরন,মৃত্যু,Death
893,চ্বাই ছ্বল,ছাগল,ছাগল,বকরী,Goat
894,হাইলি ,কিন্তু,কিন্তু ,কিন্তু,But
895,লেকিন,কিন্তু,কিন্তু ,কিন্তু,But
896,আস়া,হাছা,সত্য,সত্যি ,Truth
897,হুঠা/কুঠা,দালান,দালান,বিল্ডিং ,Building
898,হুস্টার/কুস্টার,বাস ,বাস,বাস ,Bus
899,ফিকাফ,ট্রাক ,ট্রাক,ট্রাক ,Truck
900,সালুন,তরকারি ,সালুন,তরকারি ,Curry
901,শুরকো,শিরা,মৌ,ঝোল ,Gravy
902,হামরা,কোটা,রুম ,রুম ,Room
903,স়েমা,ছেবা,ছাওয়া,ছায়া ,Shadow
904,স়ামা,ছেবা,ছাওয়া,ছায়া ,Shade
905,ত্যাঁ,তাইন,হে,তিনি,He
906,ডোং হাউয়ো,দাঁড় কাক ,দাড় কাউয়া,দাঁড় কাক ,Crow
907,রাতা কুরো,মোরগ ,মোরগ ,মোরগ ,Rooster
908,বাইল্লে,চড়ুই ,চড়ই,চড়ুই ,Sparrow
909,দইয়ল,দোয়েল ,দোয়েল,দোয়েল ,Magpie
910,ফুনগুরোনি,লেজনাচানি ,ল্যাজনাচানি,লেজনাচানি ,Tail-wagger
911,বুলবুলি,বুলবুল ,বুলবুল,বুলবুল ,Bulbul
912,টুনটুনি,টুনটুনি ,টুনটুনি ,টুনটুনি ,Warbler
913,তুতা,টিঁয়া ,টিয়া,টিঁয়া ,Parrot
914,দেইস্সো,ফিঙ্গে ,ফিঙ্গে ,ফিঙ্গে ,Drongo
915,হতুর,পারো,কবুতার,কবুতর ,Pigeon
916,এল্লে ,ওলাখান,এইরহম,এইভাবে ,This way
917,হৈতর,পাায়রা,কবুতার,কবুতর ,Pigeon
918,হঁঅল,ঘুঘু ,ঘুঘু,ঘুঘু ,Dove
919,ডঅক,ডাহুক ,ডাউক,ডাহুক ,Moorhen
920,ডৌগ,ডাহুক ,ডাউক,ডাহুক ,Moorhen
921,বুগা,বক ,বগ,বক ,Heron
922,ফানিহৌরি,পানকৌড়ি ,পানকৌড়ি ,পানকৌড়ি ,Cormorant
923,মৌর,ময়ূর ,ময়ূর,ময়ূর ,Peacock
924,ময়ুর,ময়ূর ,ময়ূর,ময়ূর ,Peacock
925,আইল্লে,কৃষক  ,কৃষক ,কৃষক  ,Farmer
926,জাইল্লে,জেলে ,জেলে ,জেলে ,Fisherman
927,হন,কও,কন,বলেন,Says
928,শরে-শরে ,তারাতাড়ি,তারাহুরা,তারাতাড়ি,Quickly
929,তেঁরে ,এরে,তারে,তাকে,Him
930,ইতেরে ,এরে,তারে,তাকে,To him
931,ফাতাইর্গা,প্রস্থ,প্রস্থ,প্রস্থ,Width
932,গরন,করো,হরেন,করেন,Does
933,আইল্লে,রাখাল,রাখাল,রাখাল,Shepherd
934,আম্মু,আম্মু,মা,আম্মু ,Mother
935,দি ,দিয়া,দিয়া,দিয়ে,By
936,আইয়্যো,আয়,আও,এসো,Come
937,আইয়ন,আওয়াত,আওয়া,আসা,Coming
938,যন ,যাওয়াত,যাওয়া,যাওয়া,Going
939,থাইবো,থাকবো,থাকপে,থাকবে,Will stay
940,মিজি ,মাঝে,মইধ্যে,মধ্যে,Among
941,ত়ুআইন্ন্যে ফেডাইন্ন্যে ,টোখাই,টোহাই,টোকাই,Beggar
942,গজি ,ধান,ধান,ধান,Paddy
943,আজল ,বিয়াক্কল,বলদ,বোকা ,Fool
944,ফালাফালি ,ফাল্লাফাল্লি,লাফালাফি ,লাফালাফি,Jumping
945,লরালরি ,লাড়াচাড়া,লাড়াচাড়া,নাড়াচাড়া,Moving
946,দার,ভাগের,পলাইতেছে,পালাচ্ছে,Escaping
947,ফুতলা ,পুতুল ,পুতুল ,পুতুল,Doll
948,সাতত ,বনিতে,প্রথমে,শুরুতে,Initially
949,হাস়ে,কান্দাত,ধারে,কাছে,Near
950,ফঁওসাই,পৌঁছে,পৌঁছে,পৌঁছে,Reach
951,জুবান-আন,ভাষাটা,ভাষাডা,ভাষাটা,Language
952,আজ্জু,আশা,আশা,আশা,Hope
953,গরিদ্দি,করছি,করছি,করছি,Doing
954,অনরা,আফনারা,আম্মেরা,আপনারা,You all
955,অ়লরে,হারাইয়া,হারাইয়া,হারিয়ে ,Lost
956,যাইতু,যাইতে,যাইতে,যেতে,Go
957,দিবান,দেবেন,দেবেন,দিবেন,Will give
958,আমত্তা ,আবার,আবার,আবার,Again
959,আইজু,এখনও,এহনও,এখনও,Still
960,ইয়ারবাদেঅ,তবুও,হেরপরও,তবুও,Yet
961,আইজু,এখনো,এহনো,এখনো,Still
962,ইয়ুত ,ইকানেই,এহানেই,এখানেই,Right here
963,ফিসদ্দি,পিছনে,পিছোনে,পিছনে,Behind
964,ফুগ,পূর্ব,পূর্ব,পূর্ব,East
965,ফসিম,পশ্চিম,পচ্ছিম,পশ্চিম,West
966,দইন,দক্ষিণ,দহিন,দক্ষিণ,South
967,উতর,উত্তর,উত্তর ,উত্তর,North
968,ফালং,বিছনা,বিছনা,বিছানা,Bed
969,অঁ,অয়,হ,হ্যাঁ ,Yes
970,শুকরিয়ে,ধইন্যবাদ,ধইন্যবাদ,ধন্যবাদ,Thank you
971,ফেব্রুয়ারী,ফেব্রুয়ারী,ফেব্রুয়ারী,ফেব্রুয়ারী,February
972,এন উজ্ঞ,এক,এ্যাক,এক,One
973,সিটাইঙ্গা,চিটাইঙ্গা,চিটাইঙ্গা,চিটাইঙ্গা,Chittagong (dialect)
974,হঁর,তুমার ,তোর,তোমার,Your
975,গরিদ্দি,করছি,হরছি,করছি,Doing
976,যাইরগুই,যাইরাম,যাইতেছি ,যাচ্ছি,Going
977,ঘরত,ঘরে,ঘড়ে,ঘরে,In the house
978,রাহি,রাখিয়া,রাইখ্খা,রেখে,Keeping
979,হোন,কইন ,কওয়া,বলা,Saying
980,হন,কও,কন,বলুন,Say
981,হবুতর,কবুতর,কবুতর,কবুতর,Pigeon
982,আছস,আছস,আছো,আছিস,Are you (informal)
983,যাবি,যাইবে,যাবি,যাবি,Will you go
984,দিবের,দেওয়ার,দেবার,দেওয়ার,To give
985,মেডির,মাটির,মাডির,মাটির,Clay
986,কহন,কোন,কহন,কখন,When
987,দিম,এনডা,আন্ডা,ডিম,Egg
988,বাগানত,বাগানো,গাছের,বাগানে,In the garden
989,দরজাত,দুয়ার,গাছে,দরজায়,At the door
990,পেঁড়াইতে,কুরানিত,মাডিতে,কুড়াতে,Collecting
991,টেবিলর,টেবিলের,টেবিলের,টেবিলের,On the table
992,লন,নেওয়া ,লন,নেওয়া,Taking
993,মার,মা'র,মা'র,মায়ের,Mother’s
994,লনঅর,নেওয়ার,নেওয়ার,নেওয়ার,Taking
995,বেক্কিছু,সবকিছু,কুড়াইতে,সবকিছু,Everything
996,বেক্কিছুর,সবকিছুর,সবকিছুর,সবকিছুর,Of everything
997,দোয়া,দোয়া,লওয়া,দোয়া,Prayer
998,দোয়াত,দোয়ায়,দোয়ায়,দোয়ায়,In prayer
999,পেট,পেটর,পেটর,পেট,Stomach
1000,পেটেত,পেটর,লওয়ার,পেটে,In the stomach
1001,জাগা,জাগা,ভেবাগগুন,জায়গা,Place
1002,জাগার,জেগার,জেগার,জায়গার,Of the place
1003,টিকে,টিকে,টিকে,টিকে,Remain
1004,ইবের,এইটার,প্যাড,এটির,Of this
1005,আবার,আবার,প্যাডে,আবার,Again
1006,জাগাত,জেগার,জায়গা,জায়গায়,In place
1007,ফোনর,ফোনর,জায়গার,ফোনের,Phone’s
1008,অ্যাইয়ে,আইন,টেহে,আসে,Comes
1009,ধইজ্জে,ধরছে,এডির,ধরেছে,Has caught
1010,আইসসিল,আওনের,আওনের,আসার,Coming
1011,উডিবি,উঠবে,উঠবে,উঠবি,Will you get up
1012,মেমান,কুটুম/মেমান ,কুটুম/মেমান ,মেহমান,Guest
1013,পুরষ্কার,ফুরুস্কার,আয়,পুরষ্কার,Prize
1014,বিরক্ত,বিরক্ত,বিরক্ত,বিরক্ত,Annoyed
1015,ইতেল্লা,এর লাগি,আওয়ার,ঐজন্য,Therefore
1016,পাল্লাই,ফাল্লায়,উডবি,পাল্লায়,In scales
1017,ফালিব্যু,ফালবো,মেহোমান,পালবে,Will survive
1018,মিলিয়ে,মিলিয়া,মিলিয়া,মিলে,Together
1019,দোস্তি,বন্ধুত্ব ,বন্ধুত্ব ,দোস্তি,Friendship
1020,দেহাই,দেখাইয়া,এরলইগ্গা,দেখিয়ে,Showing
1021,মিলিমিসি,মিলিয়া মিশিয়া ,মিল্লা,মিলেমিশে,In harmony
1022,অ্যাই,আই,আই,আসি,Come
1023,দেমাগি,দেমাগি,দেহাইয়া,অহংকারী,Arrogant
1024,দেমাগ,দিমাক,আব্বার,অহংকার,Arrogance
1025,দেমাগের,দিমাকের,অহংকারের,অহংকারের,Of arrogance
1026,উডিব্যু,উঠবে,মিল্লাঝিল্লা,উঠবে,Will rise
1027,বৃষ্টিত,ষ্টিতে,আই,ষ্টিতে,On the seat
1028,চিৎকার,চিক্কার,ওডবে,চিৎকার,Scream
1029,বৈদ্য,ডাখতার,ভাঙ্গা,চিকিৎসক,Doctor
1030,কিয়ের,কিতার,চিহন,কিসের,What’s
1031,ফালন,চড়মু,চড়মু,পালন,Observance
1032,গাত,গতরো,এইসব,গায়ে,On the body
1033,আঁত,হাত,গায়ে,হাত,Hand
1034,থাহনের,থাখার,চরমু,থাকার,Of being
1035,আঁতরগান,হাতেরটা,গায়ে,হাতেরটা,The one in hand
1036,ঠ্যাং,ঠেং,হাত,পা,Foot
1037,ঠ্যাংঅরগান,ঠেঙেরটা,থাহার,পায়েরটা,The one on the foot
1038,ঠ্যাংঅর,ঠেঙের,পায়,পায়ের,Foot’s
1039,মিলানি,মিলানি,মিলানো,মিলানো,Matching
1040,চলান্যির,চালানির,হাতেরডা,চালানোর,Driving
1041,হনোব্বগতে,কিসুতেই,পাও,কিছুতেই,In no way
1042,দি,দিলাই,পাওয়েরডা,দিয়ে,By giving
1043,মুড়াই,মুড়াইয়া,পাওয়ের,মুড়িয়ে,Wrapping
1044,বেডির,বেটির,দিয়া,মহিলার,Woman’s
1045,বেডি,বেটি,মোড়াইয়া,মহিলা,Woman
1046,চুপ,চুফ,কও,চুপ,Quiet
1047,সেকেন্ডত,সেকেন্ডে,মাতারির,সেকেন্ডে,In a second
1048,গেলাস,গল্লাস,মাতারি,গ্লাস,Glass
1049,চুরির,ছুরির,কবি,চুরির,Of theft
1050,জরিমানা,জরিমানা,জরিমানা,জরিমানা,Fine
1051,দুক,দুখ,গেলাস,দুঃখ/ব্যাথা,Pain/sorrow
1052,দুকে,কষ্টে,কষ্টে,দুঃখে,In sorrow
1053,ফুলরে,ফুলকে,গেলাসে,ফুলকে,To the flower
1054,হবর,খবর,খবর,খবর,News
1055,ফুলের,ফুলের,জরিপানা,ফুলের,Of flower
1056,রঙ্গত,রঙ্গে,কুত্তার,রঙ্গে,In color
1057,লয়,নেয়,কান্দো,নেয়,Takes
1058,রঙ,রঙ,গাল ,রঙ,Color
1059,পায়চারি,হাটাহাটি ,গালে,পায়চারি,Pacing
1060,কেথা,খাতা,ব্যেহা,কাথা,Quilt
1061,ফিট্টোম,মারমু ,খাতা,মারবো,Will hit
1062,মাঠ,জমিন,জমিন,মাঠ,Field
1063,ফলের,ফলের,কাউয়া,ফলের,Of fruit
1064,হামাবি,রুজি করবে,বোজে,কামাবি,Will earn
1065,আপাতত,এখন,বোজছেন,আপাতত,For now
1066,বন্ধুরে,বন্ধুকে,মারবে,বন্ধুকে,To the friend
1067,ঘরত,ঘরে,ঘরে,ঘরে,In the house
1068,রাহি,রাখিয়া,ফলের,রেখে,Keeping
1069,কিল্লাই,কিতার,কামাবি,কেন,Why
1070,দিনর,দিনের,দিনের,দিনের,Of the day
1071,বন্দেগীত,বন্দেগীতে*,বন্ধুরে,বন্দেগীতে,In worship
1072,আফন,নিজোর,নিজোর,আপন,Own
1073,অনে,আফনি,রাইখ্যা ,আপনি,You (formal)
1074,চিয়ারা,ছেরা,ক্যা,চেহারা,Face
1075,ফরিবু,অইবো,আম্মে,হবে,Will be
1076,আঁরার,মোরারে,থোতমা,আমাদের,Ours
1077,সিটাইঙ্গা,চাটগাঁইয়া,চাটগাঁইয়া,চাটগাঁইয়া,From Chittagong
1078,রসম,সংস্কৃতি,ধারে,সংস্কৃতি,Culture
1079,আজ্জু,ইচ্ছা,দেতে,আশা,Hope
1080,গরিদ্দি,করি,অইবে,করছি,Doing
1081,বই ইবা,বইটি,মোগো,বইটি,The book
1082,দাদ্দে,ফালাই যার,ফালাই যার,পালাচ্ছে,Escaping
1083,আঁরার,মোরারে,মোরারে,আমাদের,Ours
1084,ঐতিজ্জ,ঐতিহ্যগুলোকে,ঐতিহ্যগুলোকে,ঐতিহ্যগুলোকে,Traditions
1085,অ়লরে,হারাই,হরছি,হারিয়ে,Losing
1086,অ়াজি,যাইতে ,বইডা,যেতে,Going
1087,অঞ্জক,উফাদান,পলাইছে,উপাদান,Ingredient
1088,আস়ে,আছইন,আমাগো,আছে,There is
1089,বেক্কিন,শব,ঐতিহ্যগুলারে,সব,All
1090,আঁরার,মোরারে,মোরারে,আমাদের,Ours
1091,আইয়্যেদ্দে,প্রজন্মের,যাইতে,প্রজন্মের,Of the generation
1092,ফঁওসাই,পৌছে,আছে,পৌঁছে,To reach
1093,দিয়া,দেয়ার লাগি,ভেবাগ,দিতে,Will have to
1094,ফরিবু,অইবো,মোগো,হবে,Doing
1095,গরি,করি,দারে,করে,Doing
1096,বেক্কিনত্তুন,সবচেয়ে ,পৌছাইয়া,সবচেয়ে,The most
1097,ডঁর,বড়,দেতে,বড়,Big
1098,অঞ্জক,উফাদান,অইবে,উপাদান,Ingredient
1099,জুবান-আন,ভাষাটা,ভাষাটা,ভাষাটা,The language
1100,ঝর,বৃষ্টি,হরে,বৃষ্টি,Rain
1101,হরই,অবাখ,ভাষাডা,করই,Blackberry
1102,ভাজি,বিরান করা,বিষ্টি,ভাজা,Fried
1103,ইতেরে,এরে,হেরে,তাকে,To him
1104,সাই,দেখে,দেইখ্যা,দেখে,Seeing
1105,গরন,করো,হরেন,করেন,Do
1106,অত্তর,হুদা,হুদা,সাক্ষাৎ,Meet
1107,অইয়্যুম,করমু,করমু,করবো,Will do
1108,উইদ্দে,খাইয়া,খালি,খালি,Empty
1109,সাম্মে,তাড়াতাড়ি,তারাহুরা,তাড়াতাড়ি,Quickly
1110,হায়,নেউক্কা,খাইয়া,খেয়ে,Eat
1111,ফেলো,কাম অর,নেন,নিন,Take (formal)
1112,অক্কল,হক্কল,হগল,সকল,All
1113,সালুনর,কাম অর,কামের,কাজের,Work’s
1114,বঅরফাতা,কাজী,কাজী,কাজী,Kazi (a surname)
1115,তোঁয়ারে,তোমারে,আম্মেরে,তোমাকে,You
1116,চাই,দেখিয়া,দ্যেহে,দেখে,Seeing
1117,লইওম,নিমু,নিমু,নেবো,Take
1118,তার,তার,হের,তার,His
1119,গইত্তাম ,করতাম,করতাম,করতাম ,Used to do
1120,ফোয়া, পুয়া ,পোলা , পুত্র,Son
1121,ঢাকা,ঢাকা,ঢাকা,ঢাকা,Dhaka
1122,মিস্তিরি,মিস্তিরি,ম্যাস্তুরি,মিস্ত্রি ,Mechanic
1123,রঙ ,রঙ ,রং ,রঙ ,Color
1124,মরে ,মরে ,মরে, মরে ,Dying
1125,ডাক্তার ,ডাক্তার ,ডাক্তার ,ডাক্তার,Doctor
1126,হসাই,হসাই,কসাই,কসাই,Butcher
1127,সমস্যার ,সমস্যায়,সমস্যায়,কষ্টে,In hardship
1128,বদ ,বোধ,বোধ,বোধ,Feeling
1129,অসহায়,অসহায়,অসায়,অসহায়,Helpless
1130,খুব ,বাক্কা,মেলা ,খুব,Very
1131,বানাইবার,বনানীর,বানাইন্নার ,বানানোর,Making
1132,ভিডিও ,ভিডিও ,ভিডিও,ভিডিও ,Video
1133,দরকার,দরকার,দরকার,দরকার,Need
1134,গরের,কিতার ,করতেয়াছে,করতেছে,Doing
1135,সম্ভব,ওই ,সম্ভব,সম্ভব?,Possible?
1136,ইবা ,ইগু ,এইয়া,এ কি,What is this
1137,ঘুমোদ্দে ,ঘুম,ঘুমাও,ঘুমাও,Sleep
1138,ঘুম, ঘুমাও,ঘুম,ঘুম,Sleeping
1139,এত,অত,এত্ত,এত,So much
1140,জরুরি,জরুরি,দরকারী,জরুরি ,Urgent
1141,অভ্যাস,অভ্যাস,অভ্যাস,অভ্যাস,Habit
1142,খাইবার,খাওয়ায়,খাওনের ,খাওয়ার ,Eating
1143,চা ,চা ,চা ,চা ,Tea
1144,উঠিয়েরে ,উঠাইয়া,উইঠাই,উঠেই,Getting up
1145,দুইজ্জা ,দুপুরবেলাত,দুফুরে ,দুপুরে,At noon
1146,বাইর,বারইবায়,বাইরাই,বাইরে,Outside
1147,বাইর,বারইবায়,বাইর,বের,Go out
1148,রতিয়াত,রাত্রে,রাইতের কালে,রাতের বেলা,At night
1149,আইসে,আইছিল,আইসেলে,এসেছিল,Came
1150,হইলো,কইছলা,কইসেলে,বলেছিল,Said
1151,ঠিকই, থিক ,হাসইও,ঠিকই,Exactly
1152,ওইদিন,হেদিন ,ওইদিন,সেদিন ,That day
1153,দিয়ুম,চাল্ল ,দিমু,ডাকব,Will call
1154,ফোরালেহা,পরালেখা,পড়ালেহা,পড়াশুনা ,Studying
1155,আসে,হাসে ,ভেটকাই,হাসে,Laughs
1156,এব্বেরেও,এখেবারেও হাসে না,এক্কালেই,একদমই,Completely
1157,রাজশাহী ,রাজশাহীত,রাজশাহী ,রাজশাহী ,Rajshahi
1158,ফোয়ারে,লগে,লগে,সাথে ,With
1159,সিলেট,সিলেট,সিলেট,সিলেট,Sylhet
1160,ঢাকায়,ঢাকাত ,ঢাকায়,ঢাকায়,In Dhaka
1161,শার্ট,শার্ট,শার্ট,শার্ট,Shirt
1162,লাগের,লাগের,লাগছে,লাগছে,Seems
1163,বিদেশ,বিদেশ,বিদেশ,বিদেশ,Abroad
1164,বেয়াদব,বেয়াদপ ,বেদ্দপ ,বেয়াদব ,Rude
1165,বেশি,যে,বেমালা ,খুবই ,Extremely
1166,হাথি,হাটিয়া,হইত্তা,হেটে,Walking
1167,যার গোয় ,যাইরো ,যাইতেয়াছে ,যাচ্ছে,Going
1168,ফুয়া ,ফুয়াগু ,পোলাডা ,ছেলেটি,The boy
1169,দরজাত,দরজার,দুয়ারের ,দরজার,Door’s
1170,সামনে,ধারো,সামনে,সামনে,In front
1171,চাই,চায়,চাই,চাই,Want
1172,লো ,লৌকা,নেন,নিন,Take
1173,পাকায়,টাটকা ,পাকা ,পাকা,Ripe
1174,ফোঁয়াইজ্জা,বন্ধু,বন্ধু,বন্ধু,Friend
1175,হাতি,হাতি,হাতি,হাতি,Elephant
1176,হাতিকে,হাতিকে,হাতিকে,হাতিকে,To the elephant
1177,রাহাল,রাখাল,রাখাল,রাখাল,Shepherd
1178,দইয়ল,দোয়েল,দোয়েল,দোয়েল,Magpie robin
1179,হাছা ,হাছা ,সত্য ,সত্যি ,Really
1180,হয়ডো,কৌকা,কন,বলুন,Say
1181,উঠ,উঠি ,উঠাই ,উঠে ,Get up
1182,উঠ,যাইও,যাও,যাও,Go
1183,স্কুলত ,স্কুল,স্কুলে,স্কুলে ,To school
1184,যাই,যাই,যাই,যাই,Go
1185,হরিয়ার,খাইয়া,কইররা,করে,Feel
1186,লাগে,লাগে,লাগে,লাগে,Shortage
1187,আঁর,বিয়ামি ,অভাপ,অভাব,Saw
1188,আরা,খরাত,করাত,করাত,Bald
1189,তাইল্লাফোরা,মুরা,টাক,টাক,Separate
1190,যুধো ,আলেদা ,আলাদা,আলাদা,Rich
1191,তোয়াঙ্গর,তোয়াঙ্গর,দনি,ধনী ,Sea banana
1192,গারাইঙ কেলা,সাগর কলা,সাগর ক্যালা,সাগর কলা,Affection
1193,নঁনাই ,হুয়াগ,আদর,আদর,Palm
1194,তালোত,তাল,তাল,তাল,Type of
1195,ধরনর,জাতর,দরনের,ধরনের,Known
1196,পরিচিত,ফরিচিত,চেনা,পরিচিত,Shadow
1197,ছামা,ছেবা,ছাওয়া,ছায়া,Knows
1198,জানর,জানো ,জানে,জানের,Knows
1199,জানে,জানো,জানে,জানে,Caste
1200,জাতর,জাতর,জাতির,জাতের,Envy
1201,হিংসা,হিউন্যা মি,রিশ,হিংসা,Sweat
1202,ঘাম,পছিনা,গাম,ঘাম,Progress
1203,উঅধারি ,উন্নতি,উন্নত,উন্নতি,Closed
1204,ভ়ন,বন্ধ ,বন্দ,বন্ধ ,Room
1205,হামরা,কোটা,গর,রুম ,Took
1206,আজুইর লইয়্যে,সারসিন,নেচেন,নিয়েছেন,Bill
1207,বিল ,বিল ,বিল,বিল ,Weaverbird
1208,ফেইরগে,বাবুই ,বাবুই,বাবুই ,Duck
1209,আঁশ,হাঁস ,আশ,হাঁস ,Swan
1210,রাদাআঁশ,রাজহাঁস ,রাজাআশ,রাজহাঁস ,Swan
1211,মিয়েতারা,মাছরাঙ্গা ,মাছরাঙ্গা,মাছরাঙ্গা ,Kingfisher
1212,জংলি কুরো,বনমোরগ ,বুন্যমুরাহ,বনমোরগ ,Junglefowl
1213,গাস়টুরোনি,কাঠঠোকরা,কাকঠোকরা,কাঠঠোকরা,Woodpecker
1214,ন,ন,ন,ন,No
1215,কডে?,কোনানো,কোম্মে,কোথায়?,Where?
1216,ফ্যাক,ফেখ,কানদা,কাদা,Mud
1217,জুবান,ভাষা,ভাষা,ভাষা,Language
1218,বক্ত ,ভক্ত ,ভক্ত,ভক্ত ,Devotee
1219,দিবে,দেওয়ন ,দেওয়া,দেওয়া,Given
1220,বাপের,বাবার,আব্বার,বাবার,Father’s
1221,ঠ্যাংঅর,ঠেঙের,থাহার,পায়ে,Foot
1222,হইস,কইন,কও,বলো,Say
1223,স্কুলত,স্কুলো,স্কুলে,স্কুলে,School
1224,হাছা,হাছা,সত্য,সত্যি ,Really
1225,উঠ ,যাইও ,যাও,যাও ,Go
1226,উঠ ,উঠি,উঠাই,উঠে,Get up
1227,নাস্তা,নাস্তা,নাস্তা,নাস্তা,Breakfast
1228,লাগে,লাগে ,লাগে ,লাগে,Need
1229,গিয়ি ,গেছি,গেছি,গেছি,Went
1230,আরি,হারি ,থোইক্কা ,হেরে ,Lost
1231,গিয়ি ,গেছিলাম,গেলাম,গেছিলাম,Lost
1232,হাইয়ে,খাইছিল?,খাইল্লে?,খেয়েছিল?,Ate?
1233,আম ,আম ওগু ,আমডা,আমটি,Mango
1234,হারী,হারি,হারাইয়া,হারিয়ে ,Lost
1235,ঠিক,ঠিক,ঠিক,ঠিক,Right
1236,গোরো ,করো,করো,করো,Do
1237,বিশ্বাস,বিশ্বাস,বিশ্বাস,বিশ্বাস,Belief
1238,প্রশ্নত,মাত,প্রশ্নের ,প্রশ্নের,Question’s
1239,জবাব,জবাব,উত্তর,জবাব,Answer
1240,ফইজ্জি ,গেছিলাম,পড়ছেলাম ,পড়েছিলাম,Studied
1241,অসুস্থ,অসুস্থ ,অসুস্থ,অসুস্থ,Sick
1242,ওই,ওই,হইয়া,হয়ে,Became
1243,পেলাম,পেলাম,পাইলাম ,পেলাম,Got
1244,গোরো ,করুন,করেন,করুন,Please
1245,অপেক্ষা,উবাউকা,অপেক্ষা,অপেক্ষা ,Wait
1246,কইজ্জুম ,নে,করমু,করবো ,Will wait
1247,গিয়োয়,দাড়াইলা ,খারাইছে,দাঁড়ালেন,Stood
1248,উথি,উঠিয়া,উইঠ্যা,উঠে,Got up
1249,ডোর ,লম্বা ,উচা,লম্বা,Tall
1250,চাই,চাইয়ার,চাই,চাইছি,Wanting
1251,মাফ,মাফ,মাফ,ক্ষমা,Forgiveness
1252,আইসি,আইছি,আইলাম,এলাম,Came
1253,ফিরি,ফিরিয়া,ফিররা,ফিরে,Back
1254,কেক,কেক,কেক,কেক,Cake
1255,লো,যাও,লও ,নাও,Take
1256,ঘুমাইয়েরে,ঘুমাই,ঘুমাইয়া,ঘুমিয়ে,Sleeping
1257,আছিলাম,আচলাম,আল্লাম,ছিলাম,Was
1258,একা,একলা,এল্লাহ,একা,Alone
1259,আইও ,থাকৌকা ,আয়েন ,আসুন,Come
1260,লই,লগে,লগে,সঙ্গে,With
1261,গেলো গোয় ,গেছলা,গেলেহ ,গেছিলেন,Went
1262,রাগী,রাগী,চেইতা,রেগে,Angry
1263,ধোইজ্জ ,ধরক্কা,ধরেন,ধরুন,Suppose
1264,অবাক,অবাক,অবাক,অবাক,Surprised
1265,আইস্সুম,আইতাম,আমু,আসব,Will come
1266,হাইজ্জুম্ম,হারতাম,থোগমু,হারবো,Will lose
1267,টনটন,বেদনা,ব্যথা,ব্যাথা,Pain
1268,লাল,লাল,লাল,লাল,Red
1269,সবুজ ,সবুজ ,সবুজ ,সবুজ ,Green
1270,কালো ,কালো ,কালো ,কালো ,Black
1271,সাদা,সাদা,সাদা,সাদা,White
1272,নীল ,নীল ,নীল ,নীল ,Blue
1273,বেগুনি ,বেগুনি ,বেগুনি ,বেগুনি ,Purple
1274,গোলাপি ,গোলাপি ,গোলাপি ,গোলাপি ,Pink
1275,আকাশী ,আকাশী ,আকাশী ,আকাশী ,Sky blue
1276,ধূসর ,ধূসর ,ধূসর ,ধূসর ,Gray
1277,মেরুন ,মেরুন ,মেরুন ,মেরুন ,Maroon
1278,কমলা,কমলা,কমলা,কমলা,Orange
1279,খয়েরি ,খয়েরি ,খয়েরি ,খয়েরি ,Brown
1280,হানিবুগা,কানিবক ,কানিবক ,কানিবক ,Pond heron
1281,ধুয়াইজ্জে,ধোপা ,লন্ডি,ধোপা ,Washerman
1282,হামাইজ্জে,কামার ,কামারি,কামার,Blacksmith
1283,বদইল্লে,দিনমজুর ,বদলা,দিনমজুর ,Day laborer
1284,লটকি ,লটকি ,লটকি ,লটকি ,Latkan fruit
1285,উয়া,খাড়া,খারাখারি,উলম্ব ,Vertical
1286,হর/অর ,ফেখ,কাদা,কাদা ,Mud
1287,লাম্বা ,লম্বা,লোম্ফা,লম্বা,Tall
1288,খো/কো ,খরব,অবস্তা,অবস্থা ,Situation
1289,গোস্সা ,ঘুষা,রাগ,রাগ ,Anger
1290,ডউর গুলা,ডুমুর,ডুম্বুর,ডুমুর ,Fig
1291,ফালাদ্দে ,ফাল্লার,লাফায়,লাফাচ্ছে ,Jumping
1292,ফইল্লার,প্রথমের,পেরথম,প্রথমের,First
1293,হঁর,কাপড়,জামা কাফুর,পোশাক,Clothes
1294,বাংলা ভাষাত,বাংলা ভাষা,বাংলা ভাষা ,বাংলা ভাষা ,Bengali language
1295,আইয়্যেদ্দে,খাইল,আগামী,আগামী,Next
1296,মই মুরুব্বির,ময় মুরুব্বির,ময় মুরুব্বির ,ময় মুরুব্বির ,Respected elder
1297,নোয়াহাল্লে,নোয়াখালির,নোয়াখালির ,নোয়াখালির ,Of Noakhali
1298,লাটসাহেবর,লাটসাহেবের,লাসসাহেব,লাটসাহেবের ,Aristocrat
1299,অইন,আগুন,আগুন ,আগুন ,Fire
1300,কারিগর,খরমোচারি,কারিগর ,কারিগর ,Artisan
1301,ভাঙ্গা,ভাংগা,ভাঙ্গা ,ভাঙ্গা ,Broken
1302,প্রাসাদর,প্রাসাদের,প্রসাদের,প্রাসাদের,Palace’s
1303,কারিগরর,খরমোচারির,কারিগরের ,কারিগরের ,Artisan’s
1304,চিয়ুন,হুকনা,চেহন,চিকন,Thin
1305,নিত্ত,এসব,পেত্তেক দিন,রোজ ,Daily
1306,চইজ্জুম,হারি সময়,চরমু,চড়বো ,Will ride
1307,চালানো,থাখার,কারিগরের ,চলান্যি,Walking
1308,স্কুলর,ইসকুল'র,ইস্কুলের,স্কুলের,School’s
1309,ধারত,গালাত,দারে,ধারে ,Near
1310,চুলোত,উনদাল,চুলায় ,চুলায় ,Stove
1311,হবি,কইবে,কবি,বলবি,Will say
1312,চুরি,ছুরি,চুরি,চুরি ,Steal
1313,গেলাসত,গল্লাসো,গ্লাসে,গ্লাসে ,In the glass
1314,হবরধার,খবরদার ,খবরদার ,খবরদার ,Beware
1315,কুত্তার,কুত্তার,কুত্তার,কুকুরের ,Dog’s
1316,হাঁন্দে,খান্দে,কান্দে,কাঁদে,Shoulder
1317,গাল,গাইল,গালে,গাল ,Cheek
1318,গালত,গালে,গালে,গালে,On the cheek
1319,বেআ,তেড়া,ব্যাহা,বাঁকা,Crooked
1320,ছেঁচি,ছাচিয়া,ছাইচা,ছেচে ,Cut
1321,বুজে,বুইছো,বুইজ্জা,বুঝে ,Understand
1322,বুঝন,বুইছো,বোজ্জেন,বুঝেছেন ,Understood
1323,ফিস্তানর,প্রজন্মর,পোরজন্ম,প্রজন্মের ,Generation’s
1324,হাস়ে,গালাত,ধারে,কাছে,Near
1325,মা-বাফ,বাবা-মা,বাফে-মা,বাবা-মা,Parents
1326,জো,জাউকা ,যান ,যান,Go
1327,ডাইক্কো,ডাকবা,বোলাইবেন,ডাকবেন,Will call
1328,লাইগ্গে ,লাগছে,লাগযে,লেগেছে,Felt
1329,তান্দা,ঠান্ডা,ঠান্ডা,ঠান্ডা,Cold
1330,জো,যাউকগা ,লয়েন,চলুন,Let's go
1331,ঐইন্দি,হন,ঐহানে,ওখানে,There
1332,উল্ডা ফলদা,উল্টা পাল্টা,উল্ডা ফলদা,উল্টাপাল্টা ,Upside down
1333,উল্ডা ,উল্টা ,উল্ডা ,উল্টা,Reverse
1334,ফলদা,পাল্টা,ফলদা,পাল্টা,Reverse
1335,লেদা,হুকনা,হুগনা,রোগা,Thin
1336,শুক্রবার,শুক্রবার,শুক্কুরবার,শুক্রবার,Friday
1337,জীবন্নান ,জিন্দেগি ,জীবনডা ,জীবনটা,Life
1338,আন্ধার,আইন্ধাইর,আন্ধার,অন্ধকার,Darkness
1339,বেকগুন,হখল,বেবাগডি,সবাই,Everyone
1340,এক্কফোয়ারে,এখলগে,একলগে,একসাথে,Together
1341,লুডি,হুতি,হুইয়া,শুয়ে,Lying
1342,আহো,চলো,লও,চলো,Let's go
1343,গুন্ডি,ঘুড্ডি,ঘুড্ডি,ঘুড়ি,Kite
1344,আরে,মোরে,মোরে,আমাকে,Me
1345,গুড়াকাল,ছোটকাল,লেদাকাল,ছোটবেলায়,In childhood
1346,আজিয়া,আইজ,আইজ,আজকে,Today
1347,এফফোডাও,একবারেও,মোডেও,একদমই,Completely
1348,গরে,করইন,করে,করে,Do
1349,বালা,ভালা,ভালো,ভালো,Good
1350,হদে,কিতাত,কম্মে,কোথায়,Where
1351,ফরি,পড়ছি,পড়তেয়াছি,পড়ছি,Studying
1352,হাইতে,খাইতে,খাইতে,খেতে,Eat
1353,ফরি,পড়ছি,পড়তেয়াছি,পড়ছি,Studying
1354,এগগা,এগু,একটা,একটি,One
1355,অনে,আফনে,অমনে,আপনি,You
1356,ইচা,ইচা,ইচা,চিংড়ি,Shrimp
1357,গরন যে,করার,করতেয়াছেন,করছেন,Doing
1358,বই,বই,বই,বই,Book
1359,সরকারি,সরকারি,সরকারি,সরকারি,Government
1360,কর্মকর্তা,কর্মকর্তা,কর্মকর্তা,কর্মকর্তা,Officer
1361,আছিলো,আছিলো,আছেলো,ছিলো,Was
1362,বাই,ভাই,ভাই,ভাই,Brother
1363,এন গরি,ওলা,এমনে,এভাবে,Like this
1364,কিন্তু,কিন্তু,তয়,কিন্তু,But
1365,তাকি,থাকি,থাহি,থাকি,Live
1366,মায়াত,মায়াত,মায়ায়,মায়ায়,In love
1367,ফরিগি,পরছি,পরছি,পরেছি,Fell
1368,চোখোর,চোউখের,চোহের,চোখের,Eyes
1369,হাসি,হাসি,হাসি,হাসি,Smile
1370,বহুত,যে,বেমালা,অনেক,A lot
1371,ফরিবার,পরিবাররে,পরিবাররে,পরিবারকে,Family
1372,বালোবাসে,ভালা ফায়,ভালোবাসে,ভালোবাসে,Loves
1373,লাই,লাগি,লাইগা,জন্য,For
1374,বেগগিন,হকলতা,সবকিছু,সব কিছু,Everything
1375,গরিত,করতাম,করতে পারি,করতে,Do
1376,ফারি,ফারি,পারি,পারি,Can
1377,চুললিন,চুলগুন,চুলগুলান,চুলগুলো,The hair
1378,হাজল,কাজল,কাজল,কাজল,Kohl
1379,দিলে,দিলে,দেলে,দিলে,Gave
1380,থাকিলে,থাকলে,থাকলে,থাকলে,If stayed
1381,এদে,অনো,এইহানে,এখানে,Here
1382,খুশি,খুশি,খুশি,এখাখুশি,Happy here
1383,গাড়িয়ান,গাড়ি ওগু,গাড়িডা,গাড়িটা,The car
1384,গতো হালিয়া,গতকাইল,গতকাইল,গতকাল,Yesterday
1385,চুরি,চুরি,চুরি,চুরি,Theft
1386,ঘরত,বাসাত,বাসায়,বাসায়,At home
1387,ওইয়ে,অই গেছে,হইছে,হয়েছে,Has happened
1388,সহজ,সহজ,সহজ,সহজ,Easy
1389,ভাষাত,ভাষায়,ভাষায়,ভাষায়,In language
1390,হতা,মাত,কথা,কথা,Talk
1391,হউয়া,মাতা,কওয়া,বলা,To say
1392,উচিৎ,উচিৎ,উচিৎ,উচিৎ,Should
1393,ফয়ারে,লগে,লগে,সংগে,With
1394,আছি,আছি,আছি,আছি,Am
1395,বিদেশ,বিদেশ,বিদেশ,বিদেশ,Abroad
1396,তাকে,থাকোইন,থাকে,থাকে,Stays
1397,বইন,বইন,বুইন,বোন,Sister
1398,বড়,বড়,বড়,বড়,Big
1399,নাম,নাম,নাম,নাম,Name
1400,ঘুইরতো,ঘুরাত,ঘোরতে,ঘুরতে,To roam
1401,যাওয়া,যাওয়া,যাওয়া,যাওয়া,To go
1402,স্বপ্ন,স্বপ্ন,স্বপ্ন,স্বপ্ন,Dream
1403,ভুইল্লম,ভুলতাম,ভুলমু,ভুলবো,Will forget
1404,ন,না,না,না,Not
1405,জীবনের,জীবনের,জীবনের,জীবনের,Of life
1406,আলো,আলো,আলো,আলো,Light
1407,গেরামত,গ্রামো,গেরামে,গ্রামে,In the village
1408,আগে,আগে,আগে,আগে,Before
1409,টুফি,টুপি,টুপি,টুপি,Cap
1410,ইয়াল,শিয়াল,হিয়াল,শিয়াল,Fox
1411,যার,যাইতোআছিলো,যায়তেয়াছেলো,যাচ্ছিলো,Was going
1412,গান,গান,গান,গান,Song
1413,ফারিবা,ফারতায়,পারবা,পারবে,Will be able
1414,এহন,ওখন,এহন,এখন,Now
1415,ঘুম যায়,ঘুমায়,ঘুমায়,ঘুমায়,Sleeps
1416,বেলা,বেলা,বেলা,বেলা,Time
1417,উফার,উপহার,উপহার,উপহার,Gift
1418,জন্মদিন,জন্মদিন,জন্মদিন,জন্মদিন,Birthday
1419,ঘড়িত,ঘড়িত,ঘড়িতে,ঘড়িতে,In the clock
1420,ঘড়ি,ঘড়ি,ঘড়ি,ঘড়ি,Watch
1421,আজিয়া,আইজ,আইজ,আজকে,Today
1422,দুইরগা,দুপুর বেলা,দুফারে,দুপুরে,In the afternoon
1423,দাওত,দাওয়াত,দাওয়াত,দাওয়াত,Invitation
1424,তারিখ,তারিখ,তারিখ,তারিখ,Date
1425,হতো,কতো,কয়,কতো,How many
1426,হামর নিতি,ভালা কাম,ভালো কাম,নৈতিক কাজ ,Ethical work
1427,অ়রকত্,ইশারা-ইংগিত,অঙ্গভঙ্গি,অঙ্গভঙ্গি,Gesture
1428,আজ্জুব,ফায়-ফরিস্কার,আসা করা,প্রত্যাশা,Expectation
1429,হ়াস,বিশেষ ,বিশেষ,বিশেষ,Special
1430,বারিশের,বর্ষার,দেওইর,বর্ষার ,Of the monsoon
1431,গরম,করই,গরম,গরম,Hot
1432,তাইজ্জুব,দেখা,আশ্চর্য,আশ্চর্য,Amazing
1433,হুঁশ,দাগ,ছাপ,ছাপ,Mark
1434,গলন,হামানি,ঢোকা,প্রবেশ ,Entrance
1435,মানা,আফত্তি,নিষেত,নিষেধ ,Prohibition
1436,সিন্দা,চিন্তা,চিন্তা,চিন্তা,Thought
1437,লরি,ফাখাইয়া,ঘুইররা,ঘুরে ,Turning
1438,সরি,ফিরিয়া,আইয়া,ফিরে ,Returning
1439,ফঅরি,ভুলিয়া ,জিগাইন্না,ভুলে,Forgot
1440,ফুসোঁর,জিকানি,ভুলে,জিগ্যেস  ,Ask
1441,গেইয়্যু,গেছো,গ্যাছো,গেছো ,Went
1442,আইশ্যুন,আইছইন,আইছেন,এসেছেন ,Has come
1443,আতাই,সৎ,সৎ,সৎ,Honest
1444,মেসাল,উদাহরণ ,উদারন,উদাহরণ ,Example
1445,তরিকা,পথ,পদ্ধতি ,পদ্ধতি ,Method
1446,মেলা,মেলা,ম্যালা,মেলা ,Fair
1447,সজ্জিন্না,সুন্দর ,সুন্দর ,নান্দনিক,Aesthetic
1448,ইনসাফ,সালিশ,বিচার,বিচার ,Judgment
1449,লাম্বায়ু,লম্বা হায়াত,দীর্ঘায়ু,দীর্ঘায়ু,Longevity
1450,সাফাই,ফায়-ফরিস্কার,পয় পরিষ্কার ,পরিচ্ছন্নতা ,Cleanliness
1451,জিতবাত,ঠেসাঠেসি ,প্রতিযোগিতা ,প্রতিযোগিতা ,Competition
1452,দিলি,দিয়া,দিয়া,দ্বারা ,By
1453,আসম্বিত,আখতা,আচুক্কা,হঠাৎ ,Suddenly
1454,ন সায়দে,চাইন না,চায়না ,চায়না ,China
1455,হইতু,মাত্তা,কইতে,বলতে,To say
1456,শনিবার,শনিবার ,শুনিবার,শনিবার,Saturday
1457,রইবার,রইব্বার,রইব বার ,রবিবার ,Sunday
1458,লাগাতার,হকলসময়,একটায়া,অবিরাম ,Continuous
1459,লাজা ,রাজা,রাজা,রাজা ,King
1460,মইশ ,ভইস,মইশ,মহিষ,Buffalo
1461,ফাইয়্যুন ,পাইছো,পাইছেন,পেয়েছেন ,Has received
1462,অ়াজাইয়্যুন,হারাইছো,আরাইছেন,হারিয়েছেন,Has lost
1463,দুনো,উভয়ই,দুইজনেই,উভয়,Both
1464,দুনোয়ো ,দুটো,দুইডা,দুটো ,Two
1465,য্যাত্তে,যখন,যেসময় ,যখন ,When
1466,শাস্তি ,শান্তি,সান্তি,শাস্তি ,Punishment
1467,হ়ালি,খালি,ফাহা,ফাঁকা,Empty
1468,গরীবাদে,কৃতজ্ঞ,কৃতজ্ঞ ,কৃতজ্ঞ ,Grateful
1469,অইলে,হইন,হন ,হন ,Be
1470,হামাহা,অবশ্যই ,অবশ্যই,অবশ্যই,Certainly
1471,হিন্দুস্তানি,ইন্দুস্তানি,হিন্দুস্তানি ,হিন্দুস্তানি,Hindustani
1472,ডাহ,ডাখ,বোলা,ডাক ,Call
1473,জোয়াব,লাড়া,হুমাইল,সাড়া ,Response
1474,দীয়ুম,দিমু,দিমু,দেব,Will give
1475,মিশাল মে,মিশাইলে,সবমিলাইয়া ,সংমিশ্রণে,In combination
1476,তইরি ,বানাইল,সিষ্টি,সৃষ্ট ,Created
1477,হুআহা,অইছে,অইছে,হয়েছে ,Has happened
1478,হিন্দি-উর্দু কা,হিন্দি-উর্দূর,হিন্দি উর্দুর,হিন্দি-উর্দুর ,Hindi-Urdu
1479,তরেই,লাখান,মতো ,মতো ,Like
1480,লগেই,লাগে,লাগে,লাগে,Feels
1481,ফরিবু,লাগবো,লাগবে ,লাগবে ,Will feel
1482,ভাত্তোমনা,শালিক পাখি,হালিক পাখি,শালিক পাখি,Mynah bird
1483,হাউওয়ো,কাউয়্যা,কাউয়া,কাক,Crow
1484,মুলিছাফ,মোল্লা,মাওলানা ,মাউলানা ,Maulana
1485,হাইস্যে,উরির বিছ,শিমের আডি,শিমের বিচি,Bean seed
1486,গ়রত,বাড়ি,ঘর,বাড়ি ,Home
1487,যাবিগ়ই,আইবে,আবি,আসবি ,Will come
1488,বেইল ডুফিবার,সূর্যাস্তের,সুর্যডোবায়,সূর্যাস্তের,Sunset
1489,ফকফকা আলো।,বিয়ানবালা,বেইন্না সময়,সকালবেলা,In the morning
1490,ফ়ুট,পেক,কাদা মাডি,কাদামাটি,Mud
1491,শেদেনা,সজনি,আত্মিয়,সজনে ,Drumstick (tree)
1492,ঠেইল,ডাইল,ডাইল,ডাল ,Branch
1493,মাটির ঘর,মাটির ঘর,মাডির ঘর,মাটির ঘর ,Mud house
1494,মাটির,মাটির,মাডির,মাটির ,Clay
1495,মিয়েতারা,মাছরাঙ্গা,মাচ রাংগা,মাছরাঙ্গা,Kingfisher
1496,বুরির স়ুল,হাওয়ার মিটাই,ছোন পাপড়ি,হাওয়ায় মিঠাই ,Sweets in the air
1497,স-সঅ,চাও,চাও,চাও ,Want
1498,জ-জ৴,যাও,যা,যাও ,Go
1499,ট-টর ,তাড়াতাড়ি,তরতরি,তাড়াতাড়ি  ,Quickly
1500,ট়-ট়া৴র,খিয়াল,খেয়াল,খেয়াল ,Attention
1501,ত-তৈ,এর্বাদে,হেরপর,তারপর,Afterward
1502,ত়-ত়ক,থাকা,থাহা,থাকা ,Stay
1503,হান্দের,কান্দের,কানছে,কাঁদছে,Crying
1504,আকাশের,আকাশের,আহাসের,আকাশের,Of the sky
1505,চাইত,চাইতে,চাইতে,চাইতে,To ask for
1506,গিয়্যি,গেছি,জাইয়া,গিয়ে ,Going
1507,দোকানত,দোকানে,দোহানে,দোকানে,In the shop
1508,এরম,ওউ রকম ,এইরহম,এরকম ,Like this
1509,হইলাম,কইলাম ,কইলাম,বললাম,I said
1510,হইলো,কইলো ,কইলো,বলল,He/she said
1511,গরাবা,করাইবা ,হরবা,করবা,Will do
1512,ফুয়া ,ফুরুত্তা ,বাচ্চা ,বাচ্চা ,Child
1513,তুন,থাকি,অইতে,থেকে ,From
1514,আরো,আর,আরও ,আরো,More
1515,ইতারারে,তারারে ,হেগো,তাদেরকে,To them
1516,ফাইত্ত,পারবায়,পারবে,পারবে,Will be able
1517,জানো,জানো,জানো,জানো,You know
1518,নাইজ্জল,নাইকল,নাহইল,নারকেল,Coconut
1519,হতা হইতু,মাত্তা,কিইতে,বলতে ,To say
1520,পইরত,পুশকুনি,পুহুরে,পুকুরে,In the pond
1521,গরন,করো,হরেন,করেন,Do
1522,বাপেরে,বাবাকে,আব্বারে,বাবাকে,To father
1523,মুরো,টিলা,উচা জাগা,টিলা ,Hill
1524,হাশরর,হাশরের,হাশরের,হাশরের,Of the Doomsday
1525,হাশি,খাউয়ানি,কাশি,কাশি,Cough
1526,আইশ্যু,আইছো,আইছো,এসেছো,You have come
1527,দরঅঁত,বেদ-না,ব্যাতা,ব্যাথা,Pain
1528,উজু,সিদা,সোজা,সোজা,Straight
1529,আইল্লে,চাষি,কিসক,কৃষক,Farmer
1530,দাবায়,অউসধ,অসুদ,ঔষুধ,Medicine
1531,ছলই,ম্যাচকাঠি,ম্যাজবাতি,দিয়াশলাই,Matchstick
1532,গৌর,খামলা,কামলা,শ্রমিক,Worker
1533,জবিন,জমি,জমিন,জমিন,Land
1534,স্ট্যাম্প ,স্টাম্প,স্টাম্প ,স্টাম্প ,Stamp
1535,পেপারত,পেপারো,পেপারে,পেপারে,On the paper
1536,দ়-দ়,ভাগো,পলাও,পালাও,Run
1537,গইটগইট্টে,ফুটন্ত,ফুডুইন্না,ফুটন্ত,Boiling
1538,গইটঘইট্টে ,টাটকা ,টুকটুইক্কা,টকটকে,Bright red
1539,বোরইত্,জামাই পক্ষ ,জামাইপক্ষ,বরপক্ষ,Groom's party
1540,তাল,জিদ,বায়না,বায়না,Demand